Run Timestamp,Random ID,Standard,Passage,Tier,LLM,Temperature,Input Tokens,Output Tokens,Total Tokens,Elapsed Time,Checksum
Items 2026-01-16 11-02-34,31753, RL 8.1,RL 8.1 The Night Circus (MA grade 8 2023 MCAS).txt,Tier 6b,GPT,0.7,5286,325,5611,6.40,f413e9eecca7667e8981838a0ad70693d2c25a2565d4e9e892c43b29af0f6006
Items 2026-01-16 11-02-34,32252, RL 8.1,RL 8.1 The Night Circus (MA grade 8 2023 MCAS).txt,Tier 6b,GPT,0.8,5622,324,5946,7.66,51b087c258f5bc7fa4f32fd77ae9f2aef4a44712d4941d19fcf10a0c21cc2f27
Items 2026-01-16 11-02-34,80271, RL 8.1,RL 8.1 The Night Circus (MA grade 8 2023 MCAS).txt,Tier 6b,GPT,0.8,5957,289,6246,3.61,1f1f66ce74edd9237d827de2dc08460e9f90212db777a4c232a8c76a188cdf04
Items 2026-01-16 11-02-34,59966, RL 8.1,"RI 8.2 James ""Jim"" Bridger (Utah grade 8 practice).txt",Tier 6b,GPT,0.7,3423,380,3803,6.07,54b1ec0b0875abfc8ce93b13242f1f3f0e614d604d5e30dfb5755dd481785773
Items 2026-01-16 11-02-34,82305, RL 8.1,"RI 8.2 James ""Jim"" Bridger (Utah grade 8 practice).txt",Tier 6b,GPT,0.8,3814,352,4166,4.55,ff92aa8b708c306feff6ab021b8daf533a532c604321f202d8bb88b729669adf
Items 2026-01-16 11-02-34,80187, RL 8.1,RL 8.1 The Night Circus (MA grade 8 2023 MCAS).txt,Tier 4a,GPT,0.7,2979,465,3444,6.05,d378f0758b915d3d70b9702f03fe5abd7fc4708f6a1561915b84b01f849d93b7
Items 2026-01-16 11-02-34,94973, RL 8.1,RL 8.1 The Night Circus (MA grade 8 2023 MCAS).txt,Tier 4a,GPT,0.8,3455,443,3898,5.99,1226e5aae30dcbf6b2d89a49750ed5b79825eb09c2002f13dad331aa5ddec940
Items 2026-01-16 11-02-34,56559, RL 8.1,RL 8.1 The Night Circus (MA grade 8 2023 MCAS).txt,Tier 4a,GPT,0.8,3909,411,4320,4.75,d001f4c9eb16e5ac91975ceb3b1a1617e8f6d2e96d96f164b4706d4081bfcbf0
Items 2026-01-16 11-02-34,40476, RL 8.1,"RI 8.2 James ""Jim"" Bridger (Utah grade 8 practice).txt",Tier 4a,GPT,0.7,1116,440,1556,6.80,a6a379e5dac17dc1a894c62800326c9c7f2666cc280271851e12b0e720dda2f7
Items 2026-01-16 11-02-34,11101, RL 8.1,"RI 8.2 James ""Jim"" Bridger (Utah grade 8 practice).txt",Tier 4a,GPT,0.8,1567,363,1930,6.95,5d8f6192ab7a363e158feb491be2efeb73715e3667a38396f4c7d804cb558836
Items 2026-01-16 11-02-34,64562, RL 8.1,RL 8.1 The Night Circus (MA grade 8 2023 MCAS).txt,Tier 2b,GPT,0.7,4960,824,5784,12.54,bb16d062c7b1da9c05182396e8f5892649542ec27ca274f13bee656e541862eb
Items 2026-01-16 11-02-34,97511, RL 8.1,RL 8.1 The Night Circus (MA grade 8 2023 MCAS).txt,Tier 2b,GPT,0.8,5795,667,6462,7.17,c2aae40deb59d14e352e02d915362ad59847d6540190cba896e1c6773dc16ad6
Items 2026-01-16 11-02-34,67329, RL 8.1,RL 8.1 The Night Circus (MA grade 8 2023 MCAS).txt,Tier 2b,GPT,0.8,6473,721,7194,9.05,0c330f450a2a54982385f1d7f42ee03744d627448fa04881743ce34825af1f4b
Items 2026-01-16 11-02-34,23264, RL 8.1,"RI 8.2 James ""Jim"" Bridger (Utah grade 8 practice).txt",Tier 2b,GPT,0.7,3097,509,3606,7.36,741bd3f5d9c7e376c304da685c1ff011362ecc3bf5e486cb3dc2052bd70aea35
Items 2026-01-16 11-02-34,94491, RL 8.1,"RI 8.2 James ""Jim"" Bridger (Utah grade 8 practice).txt",Tier 2b,GPT,0.8,3617,490,4107,8.44,6f6ff5ef5008b7fb3bffbd10ec0f5f416f77d75b789f4053f5a48e4d5f937acf
Items 2026-01-16 11-02-34,43221, RL 8.1,RL 8.1 The Night Circus (MA grade 8 2023 MCAS).txt,Tier 7b,GPT,0.7,5352,448,5800,6.44,33aa5f07c6a1a40944d737df64b735119afa2e93e00767b0164d5f589093c20a
Items 2026-01-16 11-02-34,49285, RL 8.1,RL 8.1 The Night Circus (MA grade 8 2023 MCAS).txt,Tier 7b,GPT,0.8,5811,430,6241,4.13,beba380a129f7aaa62f26de024ae115f9c3a7502ae998d65c5ec1f10711b25b0
Items 2026-01-16 11-02-34,40288, RL 8.1,RL 8.1 The Night Circus (MA grade 8 2023 MCAS).txt,Tier 7b,GPT,0.8,6252,444,6696,3.85,b80967b0974a76a3cfe7ae8c07dbc90c622c7ec4b461de0221ef6bca9f6c61bc
Items 2026-01-16 11-02-34,74416, RL 8.1,"RI 8.2 James ""Jim"" Bridger (Utah grade 8 practice).txt",Tier 7b,GPT,0.7,3489,426,3915,6.93,fdf90b65e03468251c18add2f86d3c59a12d8fdad019ec33029d8413ebb8d208
Items 2026-01-16 11-02-34,35100, RL 8.1,"RI 8.2 James ""Jim"" Bridger (Utah grade 8 practice).txt",Tier 7b,GPT,0.8,3926,404,4330,6.32,2715807ca1c18b5cdc6438870c8aa51bb26d3f53cfd211720db8b6d156352912
Items 2026-01-16 11-02-34,13822, RL 8.1,RL 8.1 The Night Circus (MA grade 8 2023 MCAS).txt,Tier 3b,GPT,0.7,5034,529,5563,6.10,baece9e2f890d18155cc1d69e576ba88acb7465e9fa6df810fa5c367ae8398db
Items 2026-01-16 11-02-34,39253, RL 8.1,RL 8.1 The Night Circus (MA grade 8 2023 MCAS).txt,Tier 3b,GPT,0.8,5574,464,6038,5.61,9fca2fb5d9d08de72c50d94f740dd681cf054334c6a58954ac5c0c7826e2a2c2
Items 2026-01-16 11-02-34,84787, RL 8.1,RL 8.1 The Night Circus (MA grade 8 2023 MCAS).txt,Tier 3b,GPT,0.8,6049,385,6434,3.91,dee7724590560377ef31d32ef5285f0c2b8a334dc41beb87242d4a9bd6edd9f7
Items 2026-01-16 11-02-34,66815, RL 8.1,"RI 8.2 James ""Jim"" Bridger (Utah grade 8 practice).txt",Tier 3b,GPT,0.7,3171,528,3699,8.52,65b392d031798909532c8a19ae7d761052ea3b84218a50dee43842a1a0022dfd
Items 2026-01-16 11-02-34,20007, RL 8.1,"RI 8.2 James ""Jim"" Bridger (Utah grade 8 practice).txt",Tier 3b,GPT,0.8,3710,495,4205,8.08,d1b3c9199020acd89c5ef91b6556a41644d8692a98885b531117f64cb5c6f7f0
Items 2026-01-16 11-02-34,94369, RL 8.1,RL 8.1 The Night Circus (MA grade 8 2023 MCAS).txt,Tier 5a,GPT,0.7,3057,483,3540,7.26,e240418723f9bb29410a7f43ce0af24f2dc830350b1bc129cce8aed21f2e154d
Items 2026-01-16 11-02-34,35942, RL 8.1,RL 8.1 The Night Circus (MA grade 8 2023 MCAS).txt,Tier 5a,GPT,0.8,3551,400,3951,4.47,14a53589b9d6117ee370e41f6d2af34b396fa392d8a67bb1d5c63698a2e7164a
Items 2026-01-16 11-02-34,37234, RL 8.1,RL 8.1 The Night Circus (MA grade 8 2023 MCAS).txt,Tier 5a,GPT,0.8,3962,468,4430,4.70,2cb8751b04d49dc1ca8619b5908bdfc26695f30800ce137717f70f7ec156198c
Items 2026-01-16 11-02-34,80176, RL 8.1,"RI 8.2 James ""Jim"" Bridger (Utah grade 8 practice).txt",Tier 5a,GPT,0.7,1194,478,1672,6.88,7573176a39c546c6146cbc5c2bab61629c0e1cb078c3688219e0d93187f1d80c
Items 2026-01-16 11-02-34,18192, RL 8.1,"RI 8.2 James ""Jim"" Bridger (Utah grade 8 practice).txt",Tier 5a,GPT,0.8,1683,436,2119,7.44,81f0e2847825bcdf4db414a94f8dca113bf230950d39c958b4b2ed072d3172e0
Items 2026-01-16 11-02-34,62029, RL 8.1,RL 8.1 The Night Circus (MA grade 8 2023 MCAS).txt,Tier 2a,GPT,0.7,2808,740,3548,9.61,c6395bcfb48fdccb6538c5ce6e4b30c156d36f93288a4a59184cdfe47808a74a
Items 2026-01-16 11-02-34,85282, RL 8.1,RL 8.1 The Night Circus (MA grade 8 2023 MCAS).txt,Tier 2a,GPT,0.8,3559,767,4326,10.72,a52a7a4aeadcfdf76a3ba4a5a168634ad6a497fe46c7cc4b85e82a8787d08122
Items 2026-01-16 11-02-34,56769, RL 8.1,RL 8.1 The Night Circus (MA grade 8 2023 MCAS).txt,Tier 2a,GPT,0.8,4337,683,5020,16.99,87f5d507aaf82888b734c7ebcae695eb40aa89ea6b43f724761834e727d68960
Items 2026-01-16 11-02-34,84331, RL 8.1,"RI 8.2 James ""Jim"" Bridger (Utah grade 8 practice).txt",Tier 2a,GPT,0.7,945,580,1525,9.56,38daed682bd3afa29e100a5ba6873f0d41b86937e39b6f482b5d7b64ef48e1f5
Items 2026-01-16 11-02-34,28932, RL 8.1,"RI 8.2 James ""Jim"" Bridger (Utah grade 8 practice).txt",Tier 2a,GPT,0.8,1536,533,2069,7.92,f50c260deb17f7b84af563c76735d4983c31249c3dc3ef08e315b675eb88d7f5
Items 2026-01-16 11-02-34,85727, RL 8.1,RL 8.1 The Night Circus (MA grade 8 2023 MCAS).txt,Tier 4b,GPT,0.7,5131,614,5745,6.71,1e14a791d3ac15fdb9d2a124b7f2c340d78537f77ed842dffd2aea9be2bbf32d
Items 2026-01-16 11-02-34,14716, RL 8.1,RL 8.1 The Night Circus (MA grade 8 2023 MCAS).txt,Tier 4b,GPT,0.8,5756,490,6246,5.23,a9eb7e2a7160937744239d0dfc808d46ca0c90b5b0e36f7530bab19f87922ce1
Items 2026-01-16 11-02-34,86361, RL 8.1,RL 8.1 The Night Circus (MA grade 8 2023 MCAS).txt,Tier 4b,GPT,0.8,6257,569,6826,5.60,107d587b4d63174cc7ce7f43b054f806de334f82288d0512eaf428284fbeb797
Items 2026-01-16 11-02-34,26635, RL 8.1,"RI 8.2 James ""Jim"" Bridger (Utah grade 8 practice).txt",Tier 4b,GPT,0.7,3268,597,3865,8.51,6515ed1ed6cde4429eef37c530cd10501a03ae3e07db01808656df0bb3137076
Items 2026-01-16 11-02-34,88892, RL 8.1,"RI 8.2 James ""Jim"" Bridger (Utah grade 8 practice).txt",Tier 4b,GPT,0.8,3876,548,4424,7.71,39ede8407fb09423687cda260ed9f3c6ad784855ac0fb69e7ba781b177885308
Items 2026-01-16 11-02-34,52465, RL 8.1,RL 8.1 The Night Circus (MA grade 8 2023 MCAS).txt,Tier 6a,GPT,0.7,3134,508,3642,6.17,b076a9e8229585e4b67c338cae718e35b76b8f4ee44dc106a34ad1a78fd70613
Items 2026-01-16 11-02-34,20197, RL 8.1,RL 8.1 The Night Circus (MA grade 8 2023 MCAS).txt,Tier 6a,GPT,0.8,3653,397,4050,4.07,50d24578c8921af7bfb7848b19fb6bb4444160e1d07eda0fe688d4e2caaaa4b3
Items 2026-01-16 11-02-34,52024, RL 8.1,RL 8.1 The Night Circus (MA grade 8 2023 MCAS).txt,Tier 6a,GPT,0.8,4061,408,4469,4.31,b49d3e59ac1c9d6eef334414edd723b68c7a2b0e308446b77951bbff3affefa2
Items 2026-01-16 11-02-34,69721, RL 8.1,"RI 8.2 James ""Jim"" Bridger (Utah grade 8 practice).txt",Tier 6a,GPT,0.7,1271,575,1846,8.28,b6a513aa74340a86a74edb7bb686f61577dcf70bec667229cd9a2e74c9347965
Items 2026-01-16 11-02-34,16838, RL 8.1,"RI 8.2 James ""Jim"" Bridger (Utah grade 8 practice).txt",Tier 6a,GPT,0.8,1857,527,2384,9.75,0f99ad2d259efd61fb4e923f11f9002120cc770d8074ed0d966da64f89e17452
Items 2026-01-16 11-02-34,40336, RL 8.1,RL 8.1 The Night Circus (MA grade 8 2023 MCAS).txt,Tier 5b,GPT,0.7,5209,374,5583,9.55,08aaea71474ef23f1c569ca4a19b32f13f20ab0cb0e51a6bdb711ae98b66a452
Items 2026-01-16 11-02-34,26068, RL 8.1,RL 8.1 The Night Circus (MA grade 8 2023 MCAS).txt,Tier 5b,GPT,0.8,5594,367,5961,6.46,15bb77f1c33b51c2c4c08378ea00ad7d81cac5b0cf05f4a5bffbfced4530b7f7
Items 2026-01-16 11-02-34,54489, RL 8.1,RL 8.1 The Night Circus (MA grade 8 2023 MCAS).txt,Tier 5b,GPT,0.8,5972,335,6307,3.42,e0e5ecbc78db0f7f784706cc7a896b39cf8cfb2b090e7149eb4011e39b5cfb6f
Items 2026-01-16 11-02-34,67080, RL 8.1,"RI 8.2 James ""Jim"" Bridger (Utah grade 8 practice).txt",Tier 5b,GPT,0.7,3346,633,3979,12.07,52b3274d67555227623d149276ccc55694c03df004b0d263526a3eaf38e0e172
Items 2026-01-16 11-02-34,87848, RL 8.1,"RI 8.2 James ""Jim"" Bridger (Utah grade 8 practice).txt",Tier 5b,GPT,0.8,3990,517,4507,13.08,8b2f98fdaa52f3c4a4452a742ac854b8d6ca2af85650455e7f1049969b5fbb52
Items 2026-01-16 11-02-34,37154, RL 8.1,RL 8.1 The Night Circus (MA grade 8 2023 MCAS).txt,Tier 3a,GPT,0.7,2882,498,3380,7.82,9c7c906bd04ab4e6ac871ef51f998ab44f3ebffb824e36a5f978ad38121e2b98
Items 2026-01-16 11-02-34,92982, RL 8.1,RL 8.1 The Night Circus (MA grade 8 2023 MCAS).txt,Tier 3a,GPT,0.8,3391,426,3817,5.16,9e4adb7fc3f7c8528cf5dc9abe0f70fe9475f3d35ac1af2385e9f0ecd469ddff
Items 2026-01-16 11-02-34,77409, RL 8.1,RL 8.1 The Night Circus (MA grade 8 2023 MCAS).txt,Tier 3a,GPT,0.8,3828,500,4328,4.84,36980bdadc79a182e18b8287cc98f67add0789e6e299c59969e3435a428ec794
Items 2026-01-16 11-02-34,16862, RL 8.1,"RI 8.2 James ""Jim"" Bridger (Utah grade 8 practice).txt",Tier 3a,GPT,0.7,1019,536,1555,7.10,2c8a2c3ba549c5634f23fa950392ea647ac10656f330d9ad76ddc394ff287322
Items 2026-01-16 11-02-34,44322, RL 8.1,"RI 8.2 James ""Jim"" Bridger (Utah grade 8 practice).txt",Tier 3a,GPT,0.8,1566,540,2106,7.69,5c193c483e51a3a454ac193e89e37c78e527d19397e9f04708e2bb966e334cc0
Items 2026-01-16 11-02-34,86309, RL 8.1,RL 8.1 The Night Circus (MA grade 8 2023 MCAS).txt,Tier 7a,GPT,0.7,3200,446,3646,4.90,39a6ff129a553cece565f77be84df6e8c4993e3f43eec59eed06eb00e593ae37
Items 2026-01-16 11-02-34,92329, RL 8.1,RL 8.1 The Night Circus (MA grade 8 2023 MCAS).txt,Tier 7a,GPT,0.8,3657,412,4069,4.59,60a218d9e9d20701cf262e440a81bc54ef0543f0e6911a42cabc47fadb0f21f9
Items 2026-01-16 11-02-34,43072, RL 8.1,RL 8.1 The Night Circus (MA grade 8 2023 MCAS).txt,Tier 7a,GPT,0.8,4080,394,4474,3.94,2421a86a0b0ec5c0ed39e89383ebcdff79f102019b2762fc2aa5ce1a479b4963
Items 2026-01-16 11-02-34,87441, RL 8.1,"RI 8.2 James ""Jim"" Bridger (Utah grade 8 practice).txt",Tier 7a,GPT,0.7,1337,459,1796,6.51,c104badcca010e743e9a10a4006acee44874bf37e134768c96ed6ea83be43131
Items 2026-01-16 11-02-34,83887, RL 8.1,"RI 8.2 James ""Jim"" Bridger (Utah grade 8 practice).txt",Tier 7a,GPT,0.8,1807,406,2213,8.04,35aa235b5ef414015bcea48d4e0df0e78bfd1603a01ada5b6432426e2afcb955
Items 2026-01-16 11-02-34,81663, RL 8.4,RL 8.4 Dr. Blackwell’s New Assistant (MN grade 8 2018).txt,Tier 2a,GPT,0.7,1316,540,1856,9.49,b7b6df897bdcf0bd349e1a6c0777e90759a86143f0e6420d409d0c2601882d31
Items 2026-01-16 11-02-34,41877, RL 8.4,RL 8.4 Dr. Blackwell’s New Assistant (MN grade 8 2018).txt,Tier 2a,GPT,0.8,1867,498,2365,8.72,923a4f87d638e676ec8b443a989d97df9677fd7dab00b37b92a43b523ad4a36f
Items 2026-01-16 11-02-34,35489, RL 8.4,RL 8.4 Dr. Blackwell’s New Assistant (MN grade 8 2018).txt,Tier 2a,Gemini,0.7,1328,600,1928,19.44,bf43962387699aad64c9e9b52fabe9895cd897aceac7a19c0acef4cbd931bf7f
Items 2026-01-16 11-02-34,80601, RL 8.4,RL 8.4 Dr. Blackwell’s New Assistant (MN grade 8 2018).txt,Tier 2a,Gemini,0.8,1941,643,2584,38.47,2ae0a702abe051c040798d3350fe7217845d0bb3959db258d35ac207b73c9d72
Items 2026-01-16 11-02-34,32528, RL 8.4,RL 8.4 Dr. Blackwell’s New Assistant (MN grade 8 2018).txt,Tier 2a,Claude,0.7,1406,566,1972,17.66,3bb5e835acdd11adb784161c7c171935aa1b477ff3694e5aaa9594197ea1ffdb
Items 2026-01-16 11-02-34,82881, RL 8.4,RL 8.4 Dr. Blackwell’s New Assistant (MN grade 8 2018).txt,Tier 2a,Claude,0.8,1986,564,2550,14.82,cd60a37498b10367cd08b93ec213d13d01888159880670c692e8a9a1baea812e
Items 2026-01-16 11-02-34,55587, RL 8.4,RL 8.4 Oh Pioneers (TN grade 8 Released 2023).txt,Tier 2a,GPT,0.7,1372,715,2087,10.59,a250870e1fb49b8a4a716166c8acaf474ef571c3aac13a8db537162c35677172
Items 2026-01-16 11-02-34,40932, RL 8.4,RL 8.4 Oh Pioneers (TN grade 8 Released 2023).txt,Tier 2a,GPT,0.8,2098,644,2742,9.51,2f292b3618cdc323a9792c829b1fdcf814974f41086e44cf47782a92febc9bbf
Items 2026-01-16 11-02-34,31302, RL 8.4,RL 8.4 Oh Pioneers (TN grade 8 Released 2023).txt,Tier 2a,Gemini,0.7,1355,752,2107,24.35,c86765b4fea2944f5bde395bbf4269043eb978126c9390cdf3ad70273ba0fbbd
Items 2026-01-16 11-02-34,24824, RL 8.4,RL 8.4 Oh Pioneers (TN grade 8 Released 2023).txt,Tier 2a,Gemini,0.8,2120,735,2855,27.28,d461268b15f09195ef29ff4e58016a59d0b98a935b12b17e187ac7d8550e2745
Items 2026-01-16 11-02-34,41546, RL 8.4,RL 8.4 Oh Pioneers (TN grade 8 Released 2023).txt,Tier 2a,Claude,0.7,1480,538,2018,17.35,1fdf68d2205c5d7ea1c6664ad5047d8fbccd4191363c25518bcf39d5add66f4c
Items 2026-01-16 11-02-34,67663, RL 8.4,RL 8.4 Oh Pioneers (TN grade 8 Released 2023).txt,Tier 2a,Claude,0.8,2032,597,2629,18.02,a794a6aa8f4948f51c312f6face7bae5cc1f47f0c33a3080cc79f51ca27db5ad
Items 2026-01-16 11-02-34,64418, RL 8.4,RL 8.4 Dr. Blackwell’s New Assistant (MN grade 8 2018).txt,Tier 4b,GPT,0.7,3667,686,4353,9.99,0fafab798639e107d61d8c3d768825a352b0e46180d8669725688bb0866b597e
Items 2026-01-16 11-02-34,33866, RL 8.4,RL 8.4 Dr. Blackwell’s New Assistant (MN grade 8 2018).txt,Tier 4b,GPT,0.8,4364,570,4934,10.55,388ee954258e37fe0ee25ec2e9bb8762c31862ff4780cd77ef9e2cde14c118f2
Items 2026-01-16 11-02-34,82145, RL 8.4,RL 8.4 Dr. Blackwell’s New Assistant (MN grade 8 2018).txt,Tier 4b,Gemini,0.7,4332,947,5279,55.55,d2f075eeaea86db9f9c38684da81e31b9a83f440c3376b667903b2bdd3183f87
Items 2026-01-16 11-02-34,69898, RL 8.4,RL 8.4 Dr. Blackwell’s New Assistant (MN grade 8 2018).txt,Tier 4b,Gemini,0.8,5292,824,6116,48.03,09befe314e64895b5969cbac26487322a210852f28b4074708bc96e2a2b58351
Items 2026-01-16 11-02-34,65384, RL 8.4,RL 8.4 Dr. Blackwell’s New Assistant (MN grade 8 2018).txt,Tier 4b,Claude,0.7,3971,715,4686,24.00,4579d44dcd8064723cfad59227fb7175265361386637865ede2a6cd8ec9ca10e
Items 2026-01-16 11-02-34,25382, RL 8.4,RL 8.4 Dr. Blackwell’s New Assistant (MN grade 8 2018).txt,Tier 4b,Claude,0.8,4700,731,5431,18.59,43a2b6b86f86ddc92ee721bbcc9629e3fdb1a176b4d2ef56fff31daa013e781d
Items 2026-01-16 11-02-34,78018, RL 8.4,RL 8.4 Oh Pioneers (TN grade 8 Released 2023).txt,Tier 4b,GPT,0.7,3723,452,4175,8.82,11cd0a70e0e83ce325427823017c4b5680c7076dedb120f7a2adf6d3e037c67b
Items 2026-01-16 11-02-34,65742, RL 8.4,RL 8.4 Oh Pioneers (TN grade 8 Released 2023).txt,Tier 4b,GPT,0.8,4186,401,4587,6.29,e2af50f5910b02c81667e80bd8ea5d3b9e8c1f1e871aedfd2e99f1775af307a6
Items 2026-01-16 11-02-34,53960, RL 8.4,RL 8.4 Oh Pioneers (TN grade 8 Released 2023).txt,Tier 4b,Gemini,0.7,4359,633,4992,64.11,e942b1e13b25e380ef7825865912d09d3b5cc3e3c86dbbf08f0888139171c6c5
Items 2026-01-16 11-02-34,49563, RL 8.4,RL 8.4 Oh Pioneers (TN grade 8 Released 2023).txt,Tier 4b,Gemini,0.8,5005,651,5656,33.33,bde71f944708142d895d392ef32e363b046c746023dfdaccce276783f27f38d8
Items 2026-01-16 11-02-34,49935, RL 8.4,RL 8.4 Oh Pioneers (TN grade 8 Released 2023).txt,Tier 4b,Claude,0.7,4045,864,4909,27.84,b41777434f9c5c37a3cae7cf2405267668531ccd1cd5e8758db12e5632318b97
Items 2026-01-16 11-02-34,23161, RL 8.4,RL 8.4 Oh Pioneers (TN grade 8 Released 2023).txt,Tier 4b,Claude,0.8,4923,792,5715,21.52,03844e75b3ff05a766ec69e99d2fedc1fc004d0b3972eb31a66bd810c79bd384
Items 2026-01-16 11-02-34,98436, RL 8.4,RL 8.4 Dr. Blackwell’s New Assistant (MN grade 8 2018).txt,Tier 6a,GPT,0.7,1687,529,2216,8.69,1beb78eac6d69a4cf77a70f20238c151427758ceafb2350cbfad990dc7cc52fd
Items 2026-01-16 11-02-34,50339, RL 8.4,RL 8.4 Dr. Blackwell’s New Assistant (MN grade 8 2018).txt,Tier 6a,GPT,0.8,2227,462,2689,6.54,93b0996ecd688be1d198b7ecab13bf30873e129c21862ac347c6ce5ab52558a1
Items 2026-01-16 11-02-34,21297, RL 8.4,RL 8.4 Dr. Blackwell’s New Assistant (MN grade 8 2018).txt,Tier 6a,Gemini,0.7,1702,581,2283,29.00,19636722aefe0ca45e56737f96184caec7482d7fa1c452b820ee37e72f69209d
Items 2026-01-16 11-02-34,27975, RL 8.4,RL 8.4 Dr. Blackwell’s New Assistant (MN grade 8 2018).txt,Tier 6a,Gemini,0.8,2296,616,2912,50.37,c5a3db3dda6ccb87f11e61e9f16601662af9c51e95babc09164c08695cd720db
Items 2026-01-16 11-02-34,90295, RL 8.4,RL 8.4 Dr. Blackwell’s New Assistant (MN grade 8 2018).txt,Tier 6a,Claude,0.7,1793,565,2358,19.61,4b17d29fd577ab332167cfc58917610de01062eee0770d31a82a2995e0ff4d08
Items 2026-01-16 11-02-34,54981, RL 8.4,RL 8.4 Dr. Blackwell’s New Assistant (MN grade 8 2018).txt,Tier 6a,Claude,0.8,2372,572,2944,19.04,954b779c59da2370030ce145fc730d18dfa74e28ddff1943b86c6e6af14ed7dd
Items 2026-01-16 11-02-34,72131, RL 8.4,RL 8.4 Oh Pioneers (TN grade 8 Released 2023).txt,Tier 6a,GPT,0.7,1743,1126,2869,15.46,91f08e7e73547099e3149367af7fe4971b97009ffdf372ff0c77d55dcf87b4e3
Items 2026-01-16 11-02-34,63365, RL 8.4,RL 8.4 Oh Pioneers (TN grade 8 Released 2023).txt,Tier 6a,GPT,0.8,2880,456,3336,6.49,7de37ac9776cfeb30854c30ebd8bad3e8f2d9110e43417c1b491b4b8bc419ab2
Items 2026-01-16 11-02-34,62028, RL 8.4,RL 8.4 Oh Pioneers (TN grade 8 Released 2023).txt,Tier 6a,Gemini,0.7,1729,508,2237,27.98,ece51f41407ee4edf3d5cb33bb67d2527a1040c864046bcc68abdd548c30f63b
Items 2026-01-16 11-02-34,13915, RL 8.4,RL 8.4 Oh Pioneers (TN grade 8 Released 2023).txt,Tier 6a,Gemini,0.8,2250,502,2752,28.42,c2e4b67f703967593533c6353f5f2cb02e16c342ba97979dbbf77c2e02ac84fb
Items 2026-01-16 11-02-34,70581, RL 8.4,RL 8.4 Oh Pioneers (TN grade 8 Released 2023).txt,Tier 6a,Claude,0.7,1867,562,2429,20.11,afd9d26b284f224d02ecf5bca795d87c06adfd7e32391cc5cfc5a8e9298cab79
Items 2026-01-16 11-02-34,44321, RL 8.4,RL 8.4 Oh Pioneers (TN grade 8 Released 2023).txt,Tier 6a,Claude,0.8,2443,530,2973,17.49,61643cb127269cc13c7800f8ebf33d3ff84ba8147ff66a3672ce5141128e59b3
Items 2026-01-16 11-02-34,41096, RL 8.4,RL 8.4 Dr. Blackwell’s New Assistant (MN grade 8 2018).txt,Tier 5b,GPT,0.7,3757,511,4268,7.80,effbfc5a9f7f5cad23be4c5516029c541521aa404929c753e432bfae2e206c9b
Items 2026-01-16 11-02-34,15564, RL 8.4,RL 8.4 Dr. Blackwell’s New Assistant (MN grade 8 2018).txt,Tier 5b,GPT,0.8,4279,518,4797,7.30,3dd71143514716cdfe92a895786049322d5952ce73033f6031404e1c95545235
Items 2026-01-16 11-02-34,72059, RL 8.4,RL 8.4 Dr. Blackwell’s New Assistant (MN grade 8 2018).txt,Tier 5b,Gemini,0.7,4420,894,5314,58.76,abeda0c116468a3d4a99f46ef40ce1e3bd3b06b650d6814747193a4a21425eaa
Items 2026-01-16 11-02-34,10269, RL 8.4,RL 8.4 Dr. Blackwell’s New Assistant (MN grade 8 2018).txt,Tier 5b,Gemini,0.8,5327,796,6123,49.74,73b48bb753013e18103d655ea0eea0705f61ebf7d4dbd6cc98140751d00b0e8f
Items 2026-01-16 11-02-34,13963, RL 8.4,RL 8.4 Dr. Blackwell’s New Assistant (MN grade 8 2018).txt,Tier 5b,Claude,0.7,4063,757,4820,28.74,0c3ba89165038b19471caec7dd9580bc2db031ad33b510859e168bc26f3766bf
Items 2026-01-16 11-02-34,13121, RL 8.4,RL 8.4 Dr. Blackwell’s New Assistant (MN grade 8 2018).txt,Tier 5b,Claude,0.8,4834,742,5576,20.87,53c84ebb1945dd1bb175d04fcd65a0cf22dcea3d854cef934b20aeb1dc96aa38
Items 2026-01-16 11-02-34,63561, RL 8.4,RL 8.4 Oh Pioneers (TN grade 8 Released 2023).txt,Tier 5b,GPT,0.7,3813,520,4333,19.03,fdb45c7e2087a2f5d0a546f3da2d68e44bdff2e5ba1b22e4e72bb55c0f8ea678
Items 2026-01-16 11-02-34,45649, RL 8.4,RL 8.4 Oh Pioneers (TN grade 8 Released 2023).txt,Tier 5b,GPT,0.8,4344,411,4755,7.09,8679545bba5b11dcefe02017f7d39722574182897eff3cc9743d05ef0cb550ec
Items 2026-01-16 11-02-34,49646, RL 8.4,RL 8.4 Oh Pioneers (TN grade 8 Released 2023).txt,Tier 5b,Gemini,0.7,4447,1079,5526,31.33,b935fdade1539fe401d65aef67e0fc6d3139296efd190f4d817b979f2bdca979
Items 2026-01-16 11-02-34,58058, RL 8.4,RL 8.4 Oh Pioneers (TN grade 8 Released 2023).txt,Tier 5b,Gemini,0.8,5539,1063,6602,43.04,ab048dbfdffdd2124ad2c86a4fe96721befbd5beecb21af5a6cd11c75eb710fe
Items 2026-01-16 11-02-34,30554, RL 8.4,RL 8.4 Oh Pioneers (TN grade 8 Released 2023).txt,Tier 5b,Claude,0.7,4137,695,4832,22.77,7ce1819aff420a649d388280eb5f97cf5e97cac599addec6025a74307ed7765a
Items 2026-01-16 11-02-34,13609, RL 8.4,RL 8.4 Oh Pioneers (TN grade 8 Released 2023).txt,Tier 5b,Claude,0.8,4846,635,5481,16.55,679c12b9cb1ba968c7cdf573fc8ee595594d082ec6a89db69e723dbc7636d59f
Items 2026-01-16 11-02-34,13574, RL 8.4,RL 8.4 Dr. Blackwell’s New Assistant (MN grade 8 2018).txt,Tier 3a,GPT,0.7,1408,417,1825,8.37,dfdf2268a1f1cf7cc40146e0b08e15407cfc222d3223d26ea23936b7f2a88d62
Items 2026-01-16 11-02-34,54705, RL 8.4,RL 8.4 Dr. Blackwell’s New Assistant (MN grade 8 2018).txt,Tier 3a,GPT,0.8,1836,498,2334,11.91,77b4adb92ee08220c0824f5247fc69e561998ebc8846b9f05d1fa3ca9440b777
Items 2026-01-16 11-02-34,86848, RL 8.4,RL 8.4 Dr. Blackwell’s New Assistant (MN grade 8 2018).txt,Tier 3a,Gemini,0.7,1416,548,1964,22.16,cde1d8b68c574c2c3eccc00736ada10278d80c64b3c1c177bcbfc7609094cc85
Items 2026-01-16 11-02-34,43929, RL 8.4,RL 8.4 Dr. Blackwell’s New Assistant (MN grade 8 2018).txt,Tier 3a,Gemini,0.8,1977,512,2489,24.11,fa9eb2081be0558140264b183dc79f64404ae3f0b41ba053aba0f17096b2e8d2
Items 2026-01-16 11-02-34,50330, RL 8.4,RL 8.4 Dr. Blackwell’s New Assistant (MN grade 8 2018).txt,Tier 3a,Claude,0.7,1499,472,1971,17.96,ec4269942b7aaa7abc6f2be8ae673be86ecea001ff16f21a97cc19b656f80f18
Items 2026-01-16 11-02-34,74219, RL 8.4,RL 8.4 Dr. Blackwell’s New Assistant (MN grade 8 2018).txt,Tier 3a,Claude,0.8,1985,518,2503,16.96,7c2889aa35f96a555b0bad40ffb7cc0fa9f478983d0e07fbd2690a56d6ce1342
Items 2026-01-16 11-02-34,67378, RL 8.4,RL 8.4 Oh Pioneers (TN grade 8 Released 2023).txt,Tier 3a,GPT,0.7,1464,378,1842,6.80,101d250af0d9bc90037cd0933e3d38cbdfae9c0b9aa35d90aee7e0a0fa89a8f1
Items 2026-01-16 11-02-34,74032, RL 8.4,RL 8.4 Oh Pioneers (TN grade 8 Released 2023).txt,Tier 3a,GPT,0.8,1853,465,2318,5.74,f2e58f900e9439dc3e5311226b1ab0c094748f4708522a134817dacf33ce574b
Items 2026-01-16 11-02-34,31556, RL 8.4,RL 8.4 Oh Pioneers (TN grade 8 Released 2023).txt,Tier 3a,Gemini,0.7,1443,578,2021,33.41,7158a0cc77fe838707d9becd3953cb4b4c0e69ea6cfb598b23aadd042244f702
Items 2026-01-16 11-02-34,68241, RL 8.4,RL 8.4 Oh Pioneers (TN grade 8 Released 2023).txt,Tier 3a,Gemini,0.8,2034,475,2509,27.28,e5ca58ea248d52e77ea50c2beee2d476c5027d2a80f3b4f70870d704e278b950
Items 2026-01-16 11-02-34,91781, RL 8.4,RL 8.4 Oh Pioneers (TN grade 8 Released 2023).txt,Tier 3a,Claude,0.7,1573,605,2178,18.06,06fdb948bfd1157cda7181cca46842df6478cfdf59aa0348e9cd80e64972b0d2
Items 2026-01-16 11-02-34,84458, RL 8.4,RL 8.4 Oh Pioneers (TN grade 8 Released 2023).txt,Tier 3a,Claude,0.8,2192,607,2799,17.20,431a8b28e1f0489ee9b614d28b855d4cba5b92652ee09f7f1e0b9fe8c142e8b2
Items 2026-01-16 11-02-34,55414, RL 8.4,RL 8.4 Dr. Blackwell’s New Assistant (MN grade 8 2018).txt,Tier 7a,GPT,0.7,1795,502,2297,6.34,a03820f6c4cac71553b717231564a87708d230ba3f0a08c6f554ee339cd6ed31
Items 2026-01-16 11-02-34,12157, RL 8.4,RL 8.4 Dr. Blackwell’s New Assistant (MN grade 8 2018).txt,Tier 7a,GPT,0.8,2308,494,2802,6.09,42397e3b98d7ba33b5495510cad6d1e52692c10a29e4a7cbd7b89e8a357dca05
Items 2026-01-16 11-02-34,98998, RL 8.4,RL 8.4 Dr. Blackwell’s New Assistant (MN grade 8 2018).txt,Tier 7a,Gemini,0.7,1816,503,2319,42.76,6625eb28af5ea5178d1d2a2ecf047273f70b7dd43f1acdbc42c9f253a1187900
Items 2026-01-16 11-02-34,50922, RL 8.4,RL 8.4 Dr. Blackwell’s New Assistant (MN grade 8 2018).txt,Tier 7a,Gemini,0.8,2332,456,2788,45.99,f1cd66ef77d86797ef0e251ca15abbcd8f3da2cf2a0e3a98ca72072234f28951
Items 2026-01-16 11-02-34,14525, RL 8.4,RL 8.4 Dr. Blackwell’s New Assistant (MN grade 8 2018).txt,Tier 7a,Claude,0.7,1920,708,2628,23.19,5d94f10f12fcd870ca011cc8478f832568abbe0bdf1c282690089a21f5a16d76
Items 2026-01-16 11-02-34,34363, RL 8.4,RL 8.4 Dr. Blackwell’s New Assistant (MN grade 8 2018).txt,Tier 7a,Claude,0.8,2642,702,3344,21.29,9a2ce3461e429c13a0001f249ef795ceb9187792cd87d1f906d570bf0daa6e3d
Items 2026-01-16 11-02-34,71210, RL 8.4,RL 8.4 Oh Pioneers (TN grade 8 Released 2023).txt,Tier 7a,GPT,0.7,1851,551,2402,8.79,50ba042203b3fa26334b93b898ca071c790b2d303eab26251a5683952913afa3
Items 2026-01-16 11-02-34,34977, RL 8.4,RL 8.4 Oh Pioneers (TN grade 8 Released 2023).txt,Tier 7a,GPT,0.8,2413,486,2899,6.97,bcff5f3fa3a7b07c20c7cacad6f341aed0450a5484ec5657a2bccabde490e63d
Items 2026-01-16 11-02-34,84313, RL 8.4,RL 8.4 Oh Pioneers (TN grade 8 Released 2023).txt,Tier 7a,Gemini,0.7,1843,625,2468,25.17,a0889ccb421951a77446cbd1c020ee535ea99b875bb73083d254611a6ba45aba
Items 2026-01-16 11-02-34,70376, RL 8.4,RL 8.4 Oh Pioneers (TN grade 8 Released 2023).txt,Tier 7a,Gemini,0.8,2481,545,3026,36.87,dd6738f87a2ca9bba883259774829c0c49b2ea05cc18048c0e09333b7dea742c
Items 2026-01-16 11-02-34,65031, RL 8.4,RL 8.4 Oh Pioneers (TN grade 8 Released 2023).txt,Tier 7a,Claude,0.7,1994,660,2654,22.95,4c5e299edf1cbfdeeb2728fe55f3aecf55acba4804e1393600cbfae552ff9002
Items 2026-01-16 11-02-34,95845, RL 8.4,RL 8.4 Oh Pioneers (TN grade 8 Released 2023).txt,Tier 7a,Claude,0.8,2668,610,3278,17.65,9dd16194465227f7642fc697ade9e83195931843a4331e37eaf3c55b47986c5a
Items 2026-01-16 11-02-34,68061, RL 8.4,RL 8.4 Dr. Blackwell’s New Assistant (MN grade 8 2018).txt,Tier 6b,GPT,0.7,3839,442,4281,6.85,aa6a6cb3403bfc3557b5117784f0f06b4b404512b36d2d49cd0edf862fa31b32
Items 2026-01-16 11-02-34,54017, RL 8.4,RL 8.4 Dr. Blackwell’s New Assistant (MN grade 8 2018).txt,Tier 6b,GPT,0.8,4292,459,4751,7.67,a5122a405d9ffa1b04dcbef2acca16a54650efe52753933a61e183176421a662
Items 2026-01-16 11-02-34,49123, RL 8.4,RL 8.4 Dr. Blackwell’s New Assistant (MN grade 8 2018).txt,Tier 6b,Gemini,0.7,4504,748,5252,57.59,f528f50d05ec1d84d34c7c26e06e8af81169dbe21f493e98522369733efae6ec
Items 2026-01-16 11-02-34,63448, RL 8.4,RL 8.4 Dr. Blackwell’s New Assistant (MN grade 8 2018).txt,Tier 6b,Gemini,0.8,5265,710,5975,53.03,ea86bd695a36d5b63d32922aee382e4a40efaf3873b251cfa9735777c6350b56
Items 2026-01-16 11-02-34,41012, RL 8.4,RL 8.4 Dr. Blackwell’s New Assistant (MN grade 8 2018).txt,Tier 6b,Claude,0.7,4152,560,4712,21.99,e763b0a9d0a3908924c02edcd9d864f46afaba07cf976628cee7d05cfc7b0b83
Items 2026-01-16 11-02-34,81337, RL 8.4,RL 8.4 Dr. Blackwell’s New Assistant (MN grade 8 2018).txt,Tier 6b,Claude,0.8,4726,567,5293,15.31,31b8a561ef75da2c6a23795367a82b93b91f353da4daff39b812f5928d3458dd
Items 2026-01-16 11-02-34,84100, RL 8.4,RL 8.4 Oh Pioneers (TN grade 8 Released 2023).txt,Tier 6b,GPT,0.7,3895,443,4338,6.76,dd28f1930ea862e2801e8299b0dbe144bffd049a14ec50af495e7ff31ca0f9ac
Items 2026-01-16 11-02-34,48682, RL 8.4,RL 8.4 Oh Pioneers (TN grade 8 Released 2023).txt,Tier 6b,GPT,0.8,4349,401,4750,7.02,bdc8b6f8453434dc6c82846ebb118d7c34c30f0247ce3d5676afe5c29b8baa2d
Items 2026-01-16 11-02-34,78233, RL 8.4,RL 8.4 Oh Pioneers (TN grade 8 Released 2023).txt,Tier 6b,Gemini,0.7,4531,564,5095,50.15,bab4b073258f52b070f6c0f82f3c32f45427bdeee8c81b961c3c5eba003867cf
Items 2026-01-16 11-02-34,31596, RL 8.4,RL 8.4 Oh Pioneers (TN grade 8 Released 2023).txt,Tier 6b,Gemini,0.8,5108,563,5671,50.30,b41f0279a4630584a75cd53ed4b35222f5e812747d312eaae3262305c20089f4
Items 2026-01-16 11-02-34,55921, RL 8.4,RL 8.4 Oh Pioneers (TN grade 8 Released 2023).txt,Tier 6b,Claude,0.7,4226,840,5066,29.38,83bf13e0c5c7764a24367e40ab6c48f986a922f873b61a3e7953a44b8e30567b
Items 2026-01-16 11-02-34,47007, RL 8.4,RL 8.4 Oh Pioneers (TN grade 8 Released 2023).txt,Tier 6b,Claude,0.8,5080,676,5756,18.21,c53fa6a8422bc724edfd2e62d69cc5cadc37af75610fadcebe513d8c0d5c8e6d
Items 2026-01-16 11-02-34,50509, RL 8.4,RL 8.4 Dr. Blackwell’s New Assistant (MN grade 8 2018).txt,Tier 4a,GPT,0.7,1515,446,1961,9.03,8bae35262fe18b1f36d3c68257f6649d5104011215fd2f3d46890b845a1ea189
Items 2026-01-16 11-02-34,94996, RL 8.4,RL 8.4 Dr. Blackwell’s New Assistant (MN grade 8 2018).txt,Tier 4a,GPT,0.8,1972,421,2393,6.35,b3afbb50320fde7ffb1f0f62d03a32891d4e35e4e64e666a64af384c3adc6181
Items 2026-01-16 11-02-34,68156, RL 8.4,RL 8.4 Dr. Blackwell’s New Assistant (MN grade 8 2018).txt,Tier 4a,Gemini,0.7,1530,569,2099,34.54,5a2fcb720e0361e9879f5797b155ad8ccbe7f305218a1da5e2f1f14058a0d5b3
Items 2026-01-16 11-02-34,64890, RL 8.4,RL 8.4 Dr. Blackwell’s New Assistant (MN grade 8 2018).txt,Tier 4a,Gemini,0.8,2112,542,2654,45.90,01841b4bfec78dbd9ff04326713b72ca1ac22c298a957b9d9f296456ce99aa96
Items 2026-01-16 11-02-34,45744, RL 8.4,RL 8.4 Dr. Blackwell’s New Assistant (MN grade 8 2018).txt,Tier 4a,Claude,0.7,1612,549,2161,19.09,5a2e520fe8b55aa594f35d218af60cd28415d457d81a436322a2080674d3ae0d
Items 2026-01-16 11-02-34,77928, RL 8.4,RL 8.4 Dr. Blackwell’s New Assistant (MN grade 8 2018).txt,Tier 4a,Claude,0.8,2175,616,2791,18.95,4125619d737d9f22fd49173cf9783cbd8d305865d6960bac9200fec28984f73b
Items 2026-01-16 11-02-34,94459, RL 8.4,RL 8.4 Oh Pioneers (TN grade 8 Released 2023).txt,Tier 4a,GPT,0.7,1571,467,2038,17.90,e36288568a17c56116f2c5802e4ed49f41c49070bb1f56219de4e13d8d3650fc
Items 2026-01-16 11-02-34,95656, RL 8.4,RL 8.4 Oh Pioneers (TN grade 8 Released 2023).txt,Tier 4a,GPT,0.8,2049,408,2457,6.49,9d56945e508353bee0e1f985a74281f8dab6be4c28f842bcc507df10451d42b6
Items 2026-01-16 11-02-34,73688, RL 8.4,RL 8.4 Oh Pioneers (TN grade 8 Released 2023).txt,Tier 4a,Gemini,0.7,1557,562,2119,33.87,5ea4d45e1d74c11e0c9a1425c44f705e7101373cca6395de0ee2ec634b0d06b5
Items 2026-01-16 11-02-34,89781, RL 8.4,RL 8.4 Oh Pioneers (TN grade 8 Released 2023).txt,Tier 4a,Gemini,0.8,2132,457,2589,34.74,5f3d371ac0162f0776245da0d4b41ecb1f5ee8ef3f1c2953355e1bf696433d26
Items 2026-01-16 11-02-34,26008, RL 8.4,RL 8.4 Oh Pioneers (TN grade 8 Released 2023).txt,Tier 4a,Claude,0.7,1686,542,2228,19.16,e67af6989edb0789575254798b13313b7f255e1dc1e2e5facff7ebddd704bb69
Items 2026-01-16 11-02-34,94423, RL 8.4,RL 8.4 Oh Pioneers (TN grade 8 Released 2023).txt,Tier 4a,Claude,0.8,2242,544,2786,15.15,bfb32f965d949746adb9cef6f64a50744097f19a18875f2cf184e88aefe573fa
Items 2026-01-16 11-02-34,34701, RL 8.4,RL 8.4 Dr. Blackwell’s New Assistant (MN grade 8 2018).txt,Tier 2b,GPT,0.7,3468,406,3874,7.06,c7f36f380b7938bae2706c886e71972c975af96b76840c02bb086633947b9e9a
Items 2026-01-16 11-02-34,55065, RL 8.4,RL 8.4 Dr. Blackwell’s New Assistant (MN grade 8 2018).txt,Tier 2b,GPT,0.8,3885,420,4305,7.23,f6fd7f33d2e8684181c9798e3f2187ba1582dd9007ac211e99a65705342b07b3
Items 2026-01-16 11-02-34,38554, RL 8.4,RL 8.4 Dr. Blackwell’s New Assistant (MN grade 8 2018).txt,Tier 2b,Gemini,0.7,4130,715,4845,46.47,01544285efda004f3f0d49291db0051310c9e0621b105b57cda3ebfaf77a5576
Items 2026-01-16 11-02-34,95498, RL 8.4,RL 8.4 Dr. Blackwell’s New Assistant (MN grade 8 2018).txt,Tier 2b,Gemini,0.8,4858,863,5721,38.26,b75984349a86b95dc03992afb8a5730da61c0da9d52bb31c898b4fde0bf8f014
Items 2026-01-16 11-02-34,35112, RL 8.4,RL 8.4 Dr. Blackwell’s New Assistant (MN grade 8 2018).txt,Tier 2b,Claude,0.7,3765,651,4416,22.92,38a521a74e8744fd792afc34797c26aa2ec928041dbdccfafc2440110a59dc2a
Items 2026-01-16 11-02-34,31354, RL 8.4,RL 8.4 Dr. Blackwell’s New Assistant (MN grade 8 2018).txt,Tier 2b,Claude,0.8,4430,641,5071,19.35,19b267ba13f7d69105991d6dea96e957169282a7817cc0dcacb97d6934380226
Items 2026-01-16 11-02-34,79010, RL 8.4,RL 8.4 Oh Pioneers (TN grade 8 Released 2023).txt,Tier 2b,GPT,0.7,3524,462,3986,7.48,13d7bfe3ebfa679915fc028c7d2ee8788ea034aada9bd039665e061f7025fd95
Items 2026-01-16 11-02-34,93284, RL 8.4,RL 8.4 Oh Pioneers (TN grade 8 Released 2023).txt,Tier 2b,GPT,0.8,3997,455,4452,6.96,39a8b94423374d4135212a448b09b6593574403be7947b26aab6d6d89de4f9a9
Items 2026-01-16 11-02-34,37559, RL 8.4,RL 8.4 Oh Pioneers (TN grade 8 Released 2023).txt,Tier 2b,Gemini,0.7,4157,1412,5569,39.19,a0c1de159dbfa9ac620bda9d3a2607e9c48f920c96eff103944bd1bf63a9b96b
Items 2026-01-16 11-02-34,38548, RL 8.4,RL 8.4 Oh Pioneers (TN grade 8 Released 2023).txt,Tier 2b,Gemini,0.8,5582,1333,6915,27.31,0b83c98f1fb064295f1d47ea3027abf989ad600f816ce23a126f4aa40239a625
Items 2026-01-16 11-02-34,33232, RL 8.4,RL 8.4 Oh Pioneers (TN grade 8 Released 2023).txt,Tier 2b,Claude,0.7,3839,773,4612,23.41,0396288e43bede7e47482485824e83380ffab852e3390f76e4831a1340f952b2
Items 2026-01-16 11-02-34,93300, RL 8.4,RL 8.4 Oh Pioneers (TN grade 8 Released 2023).txt,Tier 2b,Claude,0.8,4626,731,5357,18.73,0c51c82e20d70dea273b22f8e632f8f4f2e5833bc05cab89aad663f54d47b411
Items 2026-01-16 11-02-34,34270, RL 8.4,RL 8.4 Dr. Blackwell’s New Assistant (MN grade 8 2018).txt,Tier 7b,GPT,0.7,3947,591,4538,9.81,3110bfcdd04f9cb9d143f8571de39dfc340a0f9f5a80d1b65b8e27f99c45c401
Items 2026-01-16 11-02-34,23476, RL 8.4,RL 8.4 Dr. Blackwell’s New Assistant (MN grade 8 2018).txt,Tier 7b,GPT,0.8,4549,610,5159,9.19,cdbcf4bdbc072d428fe8777a98e7b8ec26b5ecb0315c11c52a654a71e847dca5
Items 2026-01-16 11-02-34,14187, RL 8.4,RL 8.4 Dr. Blackwell’s New Assistant (MN grade 8 2018).txt,Tier 7b,Gemini,0.7,4618,708,5326,43.67,4fc0fa0a145362eff545b32de3d6736991ebe9a48f8b164907d0d74a5a0cbf4e
Items 2026-01-16 11-02-34,63339, RL 8.4,RL 8.4 Dr. Blackwell’s New Assistant (MN grade 8 2018).txt,Tier 7b,Gemini,0.8,5339,775,6114,54.15,8cfd63ebfabae108828bf458bf0189b449dd3adea4d328b3bcd77f2c093d7c5a
Items 2026-01-16 11-02-34,36750, RL 8.4,RL 8.4 Dr. Blackwell’s New Assistant (MN grade 8 2018).txt,Tier 7b,Claude,0.7,4279,840,5119,27.26,bb98c94be8af7485a8b4588f429f32baa45df76f912dc6536e624258b6b16815
Items 2026-01-16 11-02-34,76811, RL 8.4,RL 8.4 Dr. Blackwell’s New Assistant (MN grade 8 2018).txt,Tier 7b,Claude,0.8,5133,765,5898,20.30,57e271e515a30b54f4d452a0320e5369a9fd5b2faf2e056e2704330caece2876
Items 2026-01-16 11-02-34,47490, RL 8.4,RL 8.4 Oh Pioneers (TN grade 8 Released 2023).txt,Tier 7b,GPT,0.7,4003,545,4548,8.08,dadeb20e8b626b714be306f250bc00b4312d40b9079ed78981d51ea0817ef3d8
Items 2026-01-16 11-02-34,11622, RL 8.4,RL 8.4 Oh Pioneers (TN grade 8 Released 2023).txt,Tier 7b,GPT,0.8,4559,496,5055,9.97,97d08448b589367e8e0618d30bde40a45ea910e5fe72e8f29681ee0a8dbbee8c
Items 2026-01-16 11-02-34,33697, RL 8.4,RL 8.4 Oh Pioneers (TN grade 8 Released 2023).txt,Tier 7b,Gemini,0.7,4645,453,5098,57.67,a9beba80ae7e149a5cc61a169b53531ae4b311de7da41ceefd7859b9fff213cf
Items 2026-01-16 11-02-34,20060, RL 8.4,RL 8.4 Oh Pioneers (TN grade 8 Released 2023).txt,Tier 7b,Gemini,0.8,5111,441,5552,42.24,5200263f6cd5d9a8c7e0dec7132cf3ed2a4dbd770b2651cf11d52740f04e4378
Items 2026-01-16 11-02-34,63210, RL 8.4,RL 8.4 Oh Pioneers (TN grade 8 Released 2023).txt,Tier 7b,Claude,0.7,4353,842,5195,28.41,2c6c20214c96bddfdb42679d58707c86b3e34d24f84f88aa0741c9c6721ee9c3
Items 2026-01-16 11-02-34,12683, RL 8.4,RL 8.4 Oh Pioneers (TN grade 8 Released 2023).txt,Tier 7b,Claude,0.8,5209,826,6035,23.39,c6565ec2be263ccc3a07b36c04fbbbd0b9a4bdfe24dab0166da389f01f58a332
Items 2026-01-16 11-02-34,13550, RL 8.4,RL 8.4 Dr. Blackwell’s New Assistant (MN grade 8 2018).txt,Tier 3b,GPT,0.7,3560,552,4112,7.86,1e309b6a4923ce4b551547ddef631e65ab50cd06a794b99883b83cab90cc2449
Items 2026-01-16 11-02-34,38759, RL 8.4,RL 8.4 Dr. Blackwell’s New Assistant (MN grade 8 2018).txt,Tier 3b,GPT,0.8,4123,482,4605,6.57,20d8898f4e6bdf35b227927c66f5fc39e4b23079c0b199bec3587a9f0ebd831b
Items 2026-01-16 11-02-34,50389, RL 8.4,RL 8.4 Dr. Blackwell’s New Assistant (MN grade 8 2018).txt,Tier 3b,Gemini,0.7,4218,623,4841,53.15,71d47936a63c9979c3f36db07aa53eb642ea5c540ba9dff627a9da509d6fd75a
Items 2026-01-16 11-02-34,65283, RL 8.4,RL 8.4 Dr. Blackwell’s New Assistant (MN grade 8 2018).txt,Tier 3b,Gemini,0.8,4854,659,5513,43.18,52c38547d212ddceb50f37d98d1ccf0313bc5e7daf94374fe63b31f673a6f059
Items 2026-01-16 11-02-34,46360, RL 8.4,RL 8.4 Dr. Blackwell’s New Assistant (MN grade 8 2018).txt,Tier 3b,Claude,0.7,3858,811,4669,27.03,6cbd6fcd3851216367f02de3249893ef53a544c79bab4d2d48ef24d317195aeb
Items 2026-01-16 11-02-34,40531, RL 8.4,RL 8.4 Dr. Blackwell’s New Assistant (MN grade 8 2018).txt,Tier 3b,Claude,0.8,4683,781,5464,20.47,ce8d2646a4d5145cae9bfe8121fdecc58c14c8fc259ef627de46616d393ac491
Items 2026-01-16 11-02-34,26787, RL 8.4,RL 8.4 Oh Pioneers (TN grade 8 Released 2023).txt,Tier 3b,GPT,0.7,3616,656,4272,10.28,d5ff896f4fa1e24e09c3aff2479c399ed09fbc104bd12dbc24ec27d6b368e3c8
Items 2026-01-16 11-02-34,13862, RL 8.4,RL 8.4 Oh Pioneers (TN grade 8 Released 2023).txt,Tier 3b,GPT,0.8,4283,561,4844,8.80,dee972d2348df9962e900629ccca65c543d8cdda60ce55db5fcdf9389f383edf
Items 2026-01-16 11-02-34,10399, RL 8.4,RL 8.4 Oh Pioneers (TN grade 8 Released 2023).txt,Tier 3b,Gemini,0.7,4245,899,5144,27.83,1c4d112a56a4723acdfc2271669c82148c1527423753d171b4f019e1b4d796e4
Items 2026-01-16 11-02-34,90663, RL 8.4,RL 8.4 Oh Pioneers (TN grade 8 Released 2023).txt,Tier 3b,Gemini,0.8,5157,890,6047,23.45,bdb506cb9baf0016f545d68e82a84b02e8c4dcca8fa77dff9bde5e27fbf1cd06
Items 2026-01-16 11-02-34,41725, RL 8.4,RL 8.4 Oh Pioneers (TN grade 8 Released 2023).txt,Tier 3b,Claude,0.7,3932,792,4724,24.58,a47aa1f02edf28295bf987da544deae826bd5faeb5463a28f00da1679642c85c
Items 2026-01-16 11-02-34,98631, RL 8.4,RL 8.4 Oh Pioneers (TN grade 8 Released 2023).txt,Tier 3b,Claude,0.8,4738,774,5512,19.08,8525ae23788dd43173c6d1cc75dfad08ec38efbe5beee87f070bef1fef52590f
Items 2026-01-16 11-02-34,54588, RL 8.4,RL 8.4 Dr. Blackwell’s New Assistant (MN grade 8 2018).txt,Tier 5a,GPT,0.7,1605,445,2050,6.32,915316823467a965bcaad9a1a923c74406704f74c64a1798cb69bfde6e69ed39
Items 2026-01-16 11-02-34,50147, RL 8.4,RL 8.4 Dr. Blackwell’s New Assistant (MN grade 8 2018).txt,Tier 5a,GPT,0.8,2061,446,2507,6.56,34c88b7d52d1c135d084a56de06ffa57e9f3115a2222a77697490deb72cfd56e
Items 2026-01-16 11-02-34,89503, RL 8.4,RL 8.4 Dr. Blackwell’s New Assistant (MN grade 8 2018).txt,Tier 5a,Gemini,0.7,1618,525,2143,40.99,4ca9461670948b20d2a5a513e8918878fa5e049fe92b22727a45a7a8182594b9
Items 2026-01-16 11-02-34,45732, RL 8.4,RL 8.4 Dr. Blackwell’s New Assistant (MN grade 8 2018).txt,Tier 5a,Gemini,0.8,2156,459,2615,47.24,55feae9ab0efd5eae48e88f7f7f971817b69305c36c8f9ef7804b34694c20a34
Items 2026-01-16 11-02-34,14338, RL 8.4,RL 8.4 Dr. Blackwell’s New Assistant (MN grade 8 2018).txt,Tier 5a,Claude,0.7,1704,591,2295,21.51,7b3c21acbf67a348e1bcfe371b7aef4b37f7b2dbec508fffc8d2e99c4c79699c
Items 2026-01-16 11-02-34,40095, RL 8.4,RL 8.4 Dr. Blackwell’s New Assistant (MN grade 8 2018).txt,Tier 5a,Claude,0.8,2309,568,2877,19.66,c2b1b8c76e7007d482ac8ec716d1226634f89ed92f18da1c4a7f873af2b364db
Items 2026-01-16 11-02-34,80323, RL 8.4,RL 8.4 Oh Pioneers (TN grade 8 Released 2023).txt,Tier 5a,GPT,0.7,1661,621,2282,11.60,7a9f8e79a5ded5c54541bfcb98bc00abec124a48c845762951340da0c6211891
Items 2026-01-16 11-02-34,50757, RL 8.4,RL 8.4 Oh Pioneers (TN grade 8 Released 2023).txt,Tier 5a,GPT,0.8,2293,516,2809,9.47,bec5bba8522c4bc7b94b51ab861ec8dd48afd8e4e9be9cfdec8c8c17bf24e974
Items 2026-01-16 11-02-34,52066, RL 8.4,RL 8.4 Oh Pioneers (TN grade 8 Released 2023).txt,Tier 5a,Gemini,0.7,1645,668,2313,48.31,50145364bd1d2a930edfe1b24a5f3f30758693e0e38c5b19b6e67dbc853fc035
Items 2026-01-16 11-02-34,12887, RL 8.4,RL 8.4 Oh Pioneers (TN grade 8 Released 2023).txt,Tier 5a,Gemini,0.8,2326,628,2954,41.94,4fe51dc73021fa5e8a77ed7e876c3ac417d8aac2f024451cee6803badd61d495
Items 2026-01-16 11-02-34,15377, RL 8.4,RL 8.4 Oh Pioneers (TN grade 8 Released 2023).txt,Tier 5a,Claude,0.7,1778,514,2292,20.49,9549a43d57bf69793132724cb3b36ac899484b3eec32fb3561db217a99584611
Items 2026-01-16 11-02-34,87475, RL 8.4,RL 8.4 Oh Pioneers (TN grade 8 Released 2023).txt,Tier 5a,Claude,0.8,2306,470,2776,16.06,6163f850e48906226b634c0ae4d07cd16dd46fdda192574d5eeecf31f2bd913f
Items 2026-01-16 11-02-34,43428, RI 8.2,RI 8.2 Elephants Can Lend a Helping Trunk (NJ grade 8 practice test).txt,Tier 3b,GPT,0.7,3110,675,3785,12.96,daffc021535f0d643bb2c45529a6522540596d578ea0866eaba6f5c75eeb5781
Items 2026-01-16 11-02-34,18789, RI 8.2,RI 8.2 Elephants Can Lend a Helping Trunk (NJ grade 8 practice test).txt,Tier 3b,GPT,0.8,3796,653,4449,12.66,6ffa7670df6661bc443ae583afb6eb1b94135cb37dfcfb62bd38dcdbad168fef
Items 2026-01-16 11-02-34,17561, RI 8.2,RI 8.2 Elephants Can Lend a Helping Trunk (NJ grade 8 practice test).txt,Tier 3b,Gemini,0.7,3774,919,4693,29.52,dc19e26967b6d9f1d4b7bdb4050ad3126a6634a1af815361e3a071ca03abffb5
Items 2026-01-16 11-02-34,12378, RI 8.2,RI 8.2 Elephants Can Lend a Helping Trunk (NJ grade 8 practice test).txt,Tier 3b,Gemini,0.8,4707,779,5486,30.24,90707674207982552077bfdf5ff9c08029b83eae30caf6f6d64cf7e1c13085c6
Items 2026-01-16 11-02-34,36972, RI 8.2,RI 8.2 Elephants Can Lend a Helping Trunk (NJ grade 8 practice test).txt,Tier 3b,Claude,0.7,3406,737,4143,25.23,d8e7627b7ee2bea9603ab88cfaf756db4d7d4c8089ada671a1c39cc30a001418
Items 2026-01-16 11-02-34,31530, RI 8.2,RI 8.2 Elephants Can Lend a Helping Trunk (NJ grade 8 practice test).txt,Tier 3b,Claude,0.8,4157,795,4952,21.51,5450dd9fc26a78b35418eba853af8f22866def2d4e112617883a93bcd76d6e67
Items 2026-01-16 11-02-34,43114, RI 8.2,"RI 8.2 James ""Jim"" Bridger (Utah grade 8 practice).txt",Tier 3b,GPT,0.7,3193,791,3984,16.02,add6eb76ab1d322b5efde547ad6e4b57777b98e45d44efab03f38316d4ba65b4
Items 2026-01-16 11-02-34,42961, RI 8.2,"RI 8.2 James ""Jim"" Bridger (Utah grade 8 practice).txt",Tier 3b,GPT,0.8,3995,661,4656,12.25,0b2fa5c74fcf8a73981fb33781ba47de5e2629a58b72d1ef6618743f9965b73b
Items 2026-01-16 11-02-34,34872, RI 8.2,"RI 8.2 James ""Jim"" Bridger (Utah grade 8 practice).txt",Tier 3b,Gemini,0.7,3876,1017,4893,30.73,bfcf57b01f820f6c8cc7ae680de1ecce871f4228fc54ed8e4445c6b30fe3f2c5
Items 2026-01-16 11-02-34,27094, RI 8.2,"RI 8.2 James ""Jim"" Bridger (Utah grade 8 practice).txt",Tier 3b,Gemini,0.8,4906,911,5817,57.37,4077d7c7dca9ea40558384fba0f07a87256914ae3afdcd4600b3f8150cddac0f
Items 2026-01-16 11-02-34,81828, RI 8.2,"RI 8.2 James ""Jim"" Bridger (Utah grade 8 practice).txt",Tier 3b,Claude,0.7,3494,916,4410,27.54,e9e31e3d895a0362dc9946b841eb36ce91394eb1c62fddc2b7ccd869f4a37c5d
Items 2026-01-16 11-02-34,97728, RI 8.2,"RI 8.2 James ""Jim"" Bridger (Utah grade 8 practice).txt",Tier 3b,Claude,0.8,4424,810,5234,22.79,fe12852f143516d2e144878d83286235b98a289513e9dad444d6fcbc05dbc7a5
Items 2026-01-16 11-02-34,30999, RI 8.2,"RI 8.2 James ""Jim"" Bridger (Utah grade 8 practice).txt",Tier 3b,Claude,0.7,3494,890,4384,28.32,4f606beac969a1b1156871698d281ba9601b94aad56f8ecd742428bd1fd7ca0e
Items 2026-01-16 11-02-34,32016, RI 8.2,"RI 8.2 James ""Jim"" Bridger (Utah grade 8 practice).txt",Tier 3b,Claude,0.8,4398,951,5349,22.04,149070b19310554095d39420820110c2c9f8e584e35a4725143a478bbe708d7f
Items 2026-01-16 11-02-34,15362, RI 8.2,RI 8.2 Elephants Can Lend a Helping Trunk (NJ grade 8 practice test).txt,Tier 5a,GPT,0.7,1125,734,1859,13.68,afe1ff37efb31bba25d76b9a524bda5328865067f580993d5c90f8ccfbff9070
Items 2026-01-16 11-02-34,84041, RI 8.2,RI 8.2 Elephants Can Lend a Helping Trunk (NJ grade 8 practice test).txt,Tier 5a,GPT,0.8,1870,732,2602,12.48,6561dc7f91aec5a9aaeb0b5947fda102e2b2852605e3883e907dd520bb92dc5f
Items 2026-01-16 11-02-34,43520, RI 8.2,RI 8.2 Elephants Can Lend a Helping Trunk (NJ grade 8 practice test).txt,Tier 5a,Gemini,0.7,1139,665,1804,27.92,e20e3bc38452639ba74553c07e9606eea56e879b2bfde02b5ab9ae8dcd41941a
Items 2026-01-16 11-02-34,86444, RI 8.2,RI 8.2 Elephants Can Lend a Helping Trunk (NJ grade 8 practice test).txt,Tier 5a,Gemini,0.8,1817,608,2425,53.38,88950f8df16ffbf3bd6f20a1e54fa869021f27f1c1592a091857c5bc3460cbdf
Items 2026-01-16 11-02-34,82171, RI 8.2,RI 8.2 Elephants Can Lend a Helping Trunk (NJ grade 8 practice test).txt,Tier 5a,Claude,0.7,1222,453,1675,18.71,546e13a681632646f9599755869fc21f1d61bf8bb975b589cf8c40704a963448
Items 2026-01-16 11-02-34,71420, RI 8.2,RI 8.2 Elephants Can Lend a Helping Trunk (NJ grade 8 practice test).txt,Tier 5a,Claude,0.8,1689,515,2204,18.52,98aa046f6da9c9bd974403c2ecef68e680e5ee706aba4cbe47c8be6e3c59887d
Items 2026-01-16 11-02-34,35152, RI 8.2,"RI 8.2 James ""Jim"" Bridger (Utah grade 8 practice).txt",Tier 5a,GPT,0.7,1208,1067,2275,20.52,794fe0b3c5934f5f829f75ee2d282e239ea62ed70034a6b17968b3b7f3fd5e86
Items 2026-01-16 11-02-34,13863, RI 8.2,"RI 8.2 James ""Jim"" Bridger (Utah grade 8 practice).txt",Tier 5a,GPT,0.8,2286,1232,3518,19.89,dcb3b4b40c0075fe17a8e9a96656bb341847945cca2e210618e4567032dbe8d0
Items 2026-01-16 11-02-34,78392, RI 8.2,"RI 8.2 James ""Jim"" Bridger (Utah grade 8 practice).txt",Tier 5a,Gemini,0.7,1241,519,1760,22.76,07df35a169c4f32370cbcd393da423413b1b50e4c2d9b4af0ff4706b856be887
Items 2026-01-16 11-02-34,50669, RI 8.2,"RI 8.2 James ""Jim"" Bridger (Utah grade 8 practice).txt",Tier 5a,Gemini,0.8,1773,482,2255,41.07,3d6bd708e303f0710acdea1f8eed870858e7bf7d1029888a0cb90781ad410abc
Items 2026-01-16 11-02-34,71419, RI 8.2,"RI 8.2 James ""Jim"" Bridger (Utah grade 8 practice).txt",Tier 5a,Claude,0.7,1310,574,1884,22.10,0ae8b8d2388b9f1c0bd54df158e09d70a4b4c3955690ad73880615d3e681eaa0
Items 2026-01-16 11-02-34,26563, RI 8.2,"RI 8.2 James ""Jim"" Bridger (Utah grade 8 practice).txt",Tier 5a,Claude,0.8,1898,618,2516,21.60,8679c8fa7ed6efe3a19c23c72749f700ec2ecea8156a0b9c116c853b7484e594
Items 2026-01-16 11-02-34,61609, RI 8.2,RI 8.2 Elephants Can Lend a Helping Trunk (NJ grade 8 practice test).txt,Tier 7b,GPT,0.7,3385,679,4064,14.26,26fd61a69314ec9446641db96f834c06303f88f03b5323fe601425fca45d8905
Items 2026-01-16 11-02-34,47801, RI 8.2,RI 8.2 Elephants Can Lend a Helping Trunk (NJ grade 8 practice test).txt,Tier 7b,GPT,0.8,4075,633,4708,10.72,6ca93b05af347141ca5d5cfe87a2844bc3fd0abcb49d82b31e9c962dea5826b6
Items 2026-01-16 11-02-34,96861, RI 8.2,RI 8.2 Elephants Can Lend a Helping Trunk (NJ grade 8 practice test).txt,Tier 7b,Gemini,0.7,4054,912,4966,32.12,4dda19a8390295c5b6cc411274461914174a802febeea576128241795c311aa1
Items 2026-01-16 11-02-34,69708, RI 8.2,RI 8.2 Elephants Can Lend a Helping Trunk (NJ grade 8 practice test).txt,Tier 7b,Gemini,0.8,4980,739,5719,47.70,6ea0c241d16cf628e4e8b610b9ef83f07bcff2f04d247b94ed33c54f91deb97a
Items 2026-01-16 11-02-34,67659, RI 8.2,RI 8.2 Elephants Can Lend a Helping Trunk (NJ grade 8 practice test).txt,Tier 7b,Claude,0.7,3705,812,4517,30.13,1a04721c2b1ea50ac11ed5c634b888d88ce3f28451177701fbb70f546d530cac
Items 2026-01-16 11-02-34,54377, RI 8.2,RI 8.2 Elephants Can Lend a Helping Trunk (NJ grade 8 practice test).txt,Tier 7b,Claude,0.8,4531,761,5292,24.09,86efbf0ec4ecffad7d1510f689d6d5fef00212e7a6f77ec274c729abc2cb0e67
Items 2026-01-16 11-02-34,91656, RI 8.2,"RI 8.2 James ""Jim"" Bridger (Utah grade 8 practice).txt",Tier 7b,GPT,0.7,3468,827,4295,11.79,774f95769caa77107ba3594df0369dc5195b081e30e430c2639376a2d1ab75b5
Items 2026-01-16 11-02-34,35664, RI 8.2,"RI 8.2 James ""Jim"" Bridger (Utah grade 8 practice).txt",Tier 7b,GPT,0.8,4306,840,5146,12.92,175513094e9571d8bfe6af12b6013b4d08fca45f23d22c655cb3c6dc902d73ed
Items 2026-01-16 11-02-34,72518, RI 8.2,"RI 8.2 James ""Jim"" Bridger (Utah grade 8 practice).txt",Tier 7b,Gemini,0.7,4156,477,4633,39.29,5738bcfa655d2fd1a15e40ccebb2885bc5c05bee32b1b3cd04673fdb0e4f65f2
Items 2026-01-16 11-02-34,52638, RI 8.2,"RI 8.2 James ""Jim"" Bridger (Utah grade 8 practice).txt",Tier 7b,Gemini,0.8,4647,489,5136,34.00,c591f468980af1401e49c85b1f3be80402601f9c70a927b1f12356b5153a5065
Items 2026-01-16 11-02-34,51215, RI 8.2,"RI 8.2 James ""Jim"" Bridger (Utah grade 8 practice).txt",Tier 7b,Claude,0.7,3793,787,4580,23.02,69a50bc72f9296eea7754f0da522be73bcdac7d506924609a9e2e990f69d948a
Items 2026-01-16 11-02-34,82365, RI 8.2,"RI 8.2 James ""Jim"" Bridger (Utah grade 8 practice).txt",Tier 7b,Claude,0.8,4594,768,5362,22.15,12cdd91ba5f50c790b71cf01ff4acf6338f3fd7a988ec4fe1f1a992498a7c10a
Items 2026-01-16 11-02-34,82744, RI 8.2,RI 8.2 Elephants Can Lend a Helping Trunk (NJ grade 8 practice test).txt,Tier 4a,GPT,0.7,1035,505,1540,9.66,004f92455eb32e79022b60b283cc70e32b87e318324b154901ca011439d3902f
Items 2026-01-16 11-02-34,58669, RI 8.2,RI 8.2 Elephants Can Lend a Helping Trunk (NJ grade 8 practice test).txt,Tier 4a,GPT,0.8,1551,447,1998,11.61,255756355df140595e3111f71747957f2e6fe15b91fc17209b6156cd39c5a40d
Items 2026-01-16 11-02-34,98586, RI 8.2,RI 8.2 Elephants Can Lend a Helping Trunk (NJ grade 8 practice test).txt,Tier 4a,Gemini,0.7,1050,490,1540,25.08,bfcfaed0ea1ee4e38c99ea25f4f16e37315274f43c0a9e39ec70ff71afaa1147
Items 2026-01-16 11-02-34,57937, RI 8.2,RI 8.2 Elephants Can Lend a Helping Trunk (NJ grade 8 practice test).txt,Tier 4a,Gemini,0.8,1553,585,2138,38.16,16b7787d448bafee744fdc2aa83831567f7fe009cb31f07151cf9d02c3c41fff
Items 2026-01-16 11-02-34,61423, RI 8.2,RI 8.2 Elephants Can Lend a Helping Trunk (NJ grade 8 practice test).txt,Tier 4a,Claude,0.7,1130,494,1624,21.45,afd259f1afbed48082362b1c7901bd284b0cb8df1780b1d8e98458b893e524ab
Items 2026-01-16 11-02-34,85195, RI 8.2,RI 8.2 Elephants Can Lend a Helping Trunk (NJ grade 8 practice test).txt,Tier 4a,Claude,0.8,1638,547,2185,18.80,c83c40db11cda76cbc99142e616639ed4fe2dc87415a4cde92c912449f0fe1cf
Items 2026-01-16 11-02-34,26631, RI 8.2,"RI 8.2 James ""Jim"" Bridger (Utah grade 8 practice).txt",Tier 4a,GPT,0.7,1118,1094,2212,15.00,1f47464add4a764886119af7543ea3253d86b3f5df995c57ca2b298d9dfd1de7
Items 2026-01-16 11-02-34,11676, RI 8.2,"RI 8.2 James ""Jim"" Bridger (Utah grade 8 practice).txt",Tier 4a,GPT,0.8,2223,846,3069,12.86,476d3e800a008207b232c97741e117c5c0d46df46223b148d8a7046ff663235b
Items 2026-01-16 11-02-34,28050, RI 8.2,"RI 8.2 James ""Jim"" Bridger (Utah grade 8 practice).txt",Tier 4a,Gemini,0.7,1152,764,1916,30.08,01854ac01d98abf349fe9a9e11cb1c4d7ba473b35a2274df547773bb0bd1dfa8
Items 2026-01-16 11-02-34,80898, RI 8.2,"RI 8.2 James ""Jim"" Bridger (Utah grade 8 practice).txt",Tier 4a,Gemini,0.8,1929,748,2677,38.55,e7bed4d0d2484c9eca8db52a7025b91a9af1c750fd8af558f1b37322a07f91a3
Items 2026-01-16 11-02-34,91751, RI 8.2,"RI 8.2 James ""Jim"" Bridger (Utah grade 8 practice).txt",Tier 4a,Claude,0.7,1218,576,1794,21.66,95249f4b9d670557e13f300564d48e506ac150d572fab0f6b1f7d8caeaff1c5f
Items 2026-01-16 11-02-34,59619, RI 8.2,"RI 8.2 James ""Jim"" Bridger (Utah grade 8 practice).txt",Tier 4a,Claude,0.7,1218,608,1826,20.68,c037e55f3c47c7dd6122ca5a5b09547e5ed3b74dd87f68ecf41fd0770bbe08ab
Items 2026-01-16 11-02-34,70824, RI 8.2,"RI 8.2 James ""Jim"" Bridger (Utah grade 8 practice).txt",Tier 4a,Claude,0.8,1840,606,2446,19.71,c665fb0839cd2f4ff6628d054f41cb6e070062b2297dd1476867489f59eb9846
Items 2026-01-16 11-02-34,82102, RI 8.2,RI 8.2 Elephants Can Lend a Helping Trunk (NJ grade 8 practice test).txt,Tier 2b,GPT,0.7,3020,410,3430,7.27,9e7437c656bd61c2d44916716f3869fade34166f3fbc534ae9fe008a86ae564e
Items 2026-01-16 11-02-34,18561, RI 8.2,RI 8.2 Elephants Can Lend a Helping Trunk (NJ grade 8 practice test).txt,Tier 2b,GPT,0.8,3441,515,3956,8.25,6dcd8ff7ac9e642b6de38d981d1be6a82661844a60bcef9d83ebb3f8e2237f48
Items 2026-01-16 11-02-34,22490, RI 8.2,RI 8.2 Elephants Can Lend a Helping Trunk (NJ grade 8 practice test).txt,Tier 2b,Gemini,0.7,3683,950,4633,27.08,f36d4f96243ab47cbe73acc6f7452db91a2f061fe6b299702917adb364d27e1c
Items 2026-01-16 11-02-34,90506, RI 8.2,RI 8.2 Elephants Can Lend a Helping Trunk (NJ grade 8 practice test).txt,Tier 2b,Gemini,0.8,4646,925,5571,42.80,bf2210dc721124a89ab6b672766832edf2bb0082994c9e4fba166224e285878c
Items 2026-01-16 11-02-34,44874, RI 8.2,RI 8.2 Elephants Can Lend a Helping Trunk (NJ grade 8 practice test).txt,Tier 2b,Claude,0.7,3308,763,4071,25.25,5de5ff939bf95ae22fee45be404806d2d0216f30711e3f68f0a3fbb1a1d4d64b
Items 2026-01-16 11-02-34,22621, RI 8.2,RI 8.2 Elephants Can Lend a Helping Trunk (NJ grade 8 practice test).txt,Tier 2b,Claude,0.8,4085,886,4971,23.83,ea3a973848170a1a48d543fe2b0149fcf077386089652ea63053ad01847be8dc
Items 2026-01-16 11-02-34,96468, RI 8.2,"RI 8.2 James ""Jim"" Bridger (Utah grade 8 practice).txt",Tier 2b,GPT,0.7,3103,496,3599,7.68,09d05a4c5078c01d1d347c33fa9eff2508a9a494b68b494bb64742df5de8726c
Items 2026-01-16 11-02-34,62036, RI 8.2,"RI 8.2 James ""Jim"" Bridger (Utah grade 8 practice).txt",Tier 2b,GPT,0.8,3610,497,4107,7.76,ec4d1b5f8b1a3e104aba58e9655f4f04ce69a84d1d7be63360e510fe524c6bcc
Items 2026-01-16 11-02-34,44800, RI 8.2,"RI 8.2 James ""Jim"" Bridger (Utah grade 8 practice).txt",Tier 2b,Gemini,0.7,3785,894,4679,25.98,fa53c6124781f622ff9b9ff80f2181aa6a233df405266581ec975b0fa4ebdde1
Items 2026-01-16 11-02-34,88832, RI 8.2,"RI 8.2 James ""Jim"" Bridger (Utah grade 8 practice).txt",Tier 2b,Gemini,0.8,4692,829,5521,31.53,e3ad8b82bd2aa9bcef43a5e28e5f66d8ca62c5f5cbd5a3d6109b769543705d82
Items 2026-01-16 11-02-34,59171, RI 8.2,"RI 8.2 James ""Jim"" Bridger (Utah grade 8 practice).txt",Tier 2b,Claude,0.7,3396,803,4199,27.56,83d069862b0aa84fa8f662a278917ef6a1eac57fd4f64240c0098f7fca6d5a9f
Items 2026-01-16 11-02-34,86016, RI 8.2,"RI 8.2 James ""Jim"" Bridger (Utah grade 8 practice).txt",Tier 2b,Claude,0.8,4213,872,5085,25.83,b157e03e49238766a4f5367aadda6fa288c9c93e0c229ccf065d0ec3b72116cb
Items 2026-01-16 11-02-34,75851, RI 8.2,"RI 8.2 James ""Jim"" Bridger (Utah grade 8 practice).txt",Tier 2b,Claude,0.7,3396,692,4088,24.90,fbf36adadb3d88e5dcc4e0e178448b05f5f6dca8729e6cc8e98d11f4cbe6e3bf
Items 2026-01-16 11-02-34,47241, RI 8.2,"RI 8.2 James ""Jim"" Bridger (Utah grade 8 practice).txt",Tier 2b,Claude,0.8,4102,688,4790,18.14,aa60ffaaf6b4dce9e9f31fa5109f8d39076b6b8f6924afd0f7b55f872ca573af
Items 2026-01-16 11-02-34,79926, RI 8.2,RI 8.2 Elephants Can Lend a Helping Trunk (NJ grade 8 practice test).txt,Tier 6b,GPT,0.7,3317,563,3880,10.94,5e57964e237b09dbc5693e0c840f061afe7a4919e18d2e5362a1b3c39d2192e4
Items 2026-01-16 11-02-34,30666, RI 8.2,RI 8.2 Elephants Can Lend a Helping Trunk (NJ grade 8 practice test).txt,Tier 6b,GPT,0.8,3891,501,4392,9.39,023a8fcd8db5775ef82bdfc90c7f6a9a78f379a923e8a3393478fb3069854d5d
Items 2026-01-16 11-02-34,39648, RI 8.2,RI 8.2 Elephants Can Lend a Helping Trunk (NJ grade 8 practice test).txt,Tier 6b,Gemini,0.7,3982,1235,5217,38.95,55e1bf82121594d03e2b30b6deab1b902d56a145b2c4302d695546148baff3ea
Items 2026-01-16 11-02-34,39555, RI 8.2,RI 8.2 Elephants Can Lend a Helping Trunk (NJ grade 8 practice test).txt,Tier 6b,Gemini,0.8,5230,1058,6288,35.32,38f98712cbeb9d25cdd0429cdc519692267ead96bb91b76314162e8ffe5fe366
Items 2026-01-16 11-02-34,44608, RI 8.2,RI 8.2 Elephants Can Lend a Helping Trunk (NJ grade 8 practice test).txt,Tier 6b,Claude,0.7,3624,870,4494,29.06,14324cfa3d055995f528ccb5a7e26a275664b6e2fad8dd656ff81e656a5f55e5
Items 2026-01-16 11-02-34,18678, RI 8.2,RI 8.2 Elephants Can Lend a Helping Trunk (NJ grade 8 practice test).txt,Tier 6b,Claude,0.8,4508,860,5368,26.98,f8c6ee498638873e9568b66797be02d1d73fd96bd8e1b27ca347abe307b21641
Items 2026-01-16 11-02-34,36864, RI 8.2,"RI 8.2 James ""Jim"" Bridger (Utah grade 8 practice).txt",Tier 6b,GPT,0.7,3400,734,4134,10.73,3237121b6a21b32b76c3e498e7f1ea5a25e574fb0280c9c98c7618918656e55a
Items 2026-01-16 11-02-34,31030, RI 8.2,"RI 8.2 James ""Jim"" Bridger (Utah grade 8 practice).txt",Tier 6b,GPT,0.8,4145,791,4936,12.89,1b2c3cb1c4edef6e027f510a6950f96ef46bff51c4620a5bbe1a33eac5cb60fe
Items 2026-01-16 11-02-34,99466, RI 8.2,"RI 8.2 James ""Jim"" Bridger (Utah grade 8 practice).txt",Tier 6b,Gemini,0.7,4084,780,4864,39.97,c170b5ed8945c4c52d43eac1534937a7b6ac9f7094de75a70606cb1916e27e0d
Items 2026-01-16 11-02-34,85935, RI 8.2,"RI 8.2 James ""Jim"" Bridger (Utah grade 8 practice).txt",Tier 6b,Gemini,0.8,4877,749,5626,38.09,e27a66dfea334a51ff4a3fb98b5cff479919f3a31c1ecfcd8672bcaa17da7330
Items 2026-01-16 11-02-34,29864, RI 8.2,"RI 8.2 James ""Jim"" Bridger (Utah grade 8 practice).txt",Tier 6b,Claude,0.7,3712,920,4632,29.81,215714a8f7f3b01cbacb9450ceff1e5c028a89fda487ed0ca2034075858342a1
Items 2026-01-16 11-02-34,78019, RI 8.2,"RI 8.2 James ""Jim"" Bridger (Utah grade 8 practice).txt",Tier 6b,Claude,0.8,4646,920,5566,25.74,86440d219225a2882eed19b2d7e59e370abe55cb577870023f1884c1ac2bd968
Items 2026-01-16 11-02-34,21376, RI 8.2,RI 8.2 Elephants Can Lend a Helping Trunk (NJ grade 8 practice test).txt,Tier 7a,GPT,0.7,1233,650,1883,11.75,738c47722df2ac76e8222b5be105435871cbdd5fcdaab36e943dc5ee882254ba
Items 2026-01-16 11-02-34,82789, RI 8.2,RI 8.2 Elephants Can Lend a Helping Trunk (NJ grade 8 practice test).txt,Tier 7a,GPT,0.8,1894,563,2457,13.12,f588239dd0ad67eb3960798c14c561a9e1828f4dd951030278f9844ea4f380f3
Items 2026-01-16 11-02-34,61234, RI 8.2,RI 8.2 Elephants Can Lend a Helping Trunk (NJ grade 8 practice test).txt,Tier 7a,Gemini,0.7,1252,722,1974,27.49,5f22ab8ea752bcd12a07f4df5f9fe606a33d74f2a9fa8956f78d5a211d1dbd5b
Items 2026-01-16 11-02-34,80251, RI 8.2,RI 8.2 Elephants Can Lend a Helping Trunk (NJ grade 8 practice test).txt,Tier 7a,Gemini,0.8,1987,577,2564,33.92,9fc5c4c0f977b4bcc37288da67263b033564b507b7776f69ec02a0eca51b3a0d
Items 2026-01-16 11-02-34,36035, RI 8.2,RI 8.2 Elephants Can Lend a Helping Trunk (NJ grade 8 practice test).txt,Tier 7a,Claude,0.7,1346,541,1887,18.77,d9a1240cf75f6429b59c0a4dcb41011ae1fd852f978244fb96623f8c69c6df26
Items 2026-01-16 11-02-34,28972, RI 8.2,RI 8.2 Elephants Can Lend a Helping Trunk (NJ grade 8 practice test).txt,Tier 7a,Claude,0.8,1901,478,2379,16.75,4e139ee2758f0ebfdbc64ea1f8c233bef2a75056e2dfd8690e3bad73e3908afb
Items 2026-01-16 11-02-34,95764, RI 8.2,"RI 8.2 James ""Jim"" Bridger (Utah grade 8 practice).txt",Tier 7a,GPT,0.7,1316,1185,2501,17.44,88845dddd32e4386fff93b90a681398efb5536792f4cf50dcaf8b5a0c3052cfa
Items 2026-01-16 11-02-34,41979, RI 8.2,"RI 8.2 James ""Jim"" Bridger (Utah grade 8 practice).txt",Tier 7a,GPT,0.8,2512,1178,3690,16.50,8a73cc8cf29d2ba2e43f60c73a207e4331f54163496665c6f81464e171161082
Items 2026-01-16 11-02-34,63364, RI 8.2,"RI 8.2 James ""Jim"" Bridger (Utah grade 8 practice).txt",Tier 7a,Gemini,0.7,1354,668,2022,32.24,09a61b27ad72da7851963aa4ae4b237416ef7d81a1bed1fc6754d3038a24f039
Items 2026-01-16 11-02-34,70918, RI 8.2,"RI 8.2 James ""Jim"" Bridger (Utah grade 8 practice).txt",Tier 7a,Gemini,0.8,2035,612,2647,40.09,8e23b4eceb97f35f6ed968113928d2b8ff5d151bed304570df3945416d3cb200
Items 2026-01-16 11-02-34,52070, RI 8.2,"RI 8.2 James ""Jim"" Bridger (Utah grade 8 practice).txt",Tier 7a,Claude,0.7,1434,562,1996,21.30,13c873622dbffbb296f534c135f7f459b0f64ff7f593787c442880b5d9d4cd94
Items 2026-01-16 11-02-34,97229, RI 8.2,"RI 8.2 James ""Jim"" Bridger (Utah grade 8 practice).txt",Tier 7a,Claude,0.8,2010,579,2589,18.93,217eae18911f0f222ae5a00f2de740cf7ba925ddd95e72c16b6040c72209c5ba
Items 2026-01-16 11-02-34,74318, RI 8.2,RI 8.2 Elephants Can Lend a Helping Trunk (NJ grade 8 practice test).txt,Tier 5b,GPT,0.7,3277,533,3810,9.78,77db486a959f7ac608628843e1b5f6c15bfcd4d4160d34d927bd4db75361a634
Items 2026-01-16 11-02-34,66748, RI 8.2,RI 8.2 Elephants Can Lend a Helping Trunk (NJ grade 8 practice test).txt,Tier 5b,GPT,0.8,3821,451,4272,7.98,9a748c9a165bc416aafa2fa5f5fd0cc7bcb6d2ee65bbc8430fb0e528d652591a
Items 2026-01-16 11-02-34,35682, RI 8.2,RI 8.2 Elephants Can Lend a Helping Trunk (NJ grade 8 practice test).txt,Tier 5b,Gemini,0.7,3941,536,4477,50.69,4ac7c7301e807ffd5387228cf75f90fd1fe89693ffdc5252ac8d3d8831a032e1
Items 2026-01-16 11-02-34,51707, RI 8.2,RI 8.2 Elephants Can Lend a Helping Trunk (NJ grade 8 practice test).txt,Tier 5b,Gemini,0.8,4490,524,5014,50.71,f43b002a1bd19e3a80693aba70bb1442a00ebf86fbc80d79432d7fbd98e60485
Items 2026-01-16 11-02-34,47935, RI 8.2,RI 8.2 Elephants Can Lend a Helping Trunk (NJ grade 8 practice test).txt,Tier 5b,Claude,0.7,3581,748,4329,25.17,7da41c2092f6f78da7bd77aacb1868a9da14fac75c680ea3d035aa89177c864a
Items 2026-01-16 11-02-34,24148, RI 8.2,RI 8.2 Elephants Can Lend a Helping Trunk (NJ grade 8 practice test).txt,Tier 5b,Claude,0.8,4343,795,5138,23.78,8295a5fa975d2a162899b2a3b24ec706682090813b60d6ad6acdf103824eca37
Items 2026-01-16 11-02-34,15875, RI 8.2,"RI 8.2 James ""Jim"" Bridger (Utah grade 8 practice).txt",Tier 5b,GPT,0.7,3360,829,4189,12.93,d8681b2b30cbbbe3eca3788bb86984b038eaf3da385e66fbedf6e60e972ebccf
Items 2026-01-16 11-02-34,26873, RI 8.2,"RI 8.2 James ""Jim"" Bridger (Utah grade 8 practice).txt",Tier 5b,GPT,0.8,4200,765,4965,12.13,6a6d8d22acacd002c9112f231bcc1acbd414add69ba481eb588df76469969cd5
Items 2026-01-16 11-02-34,72549, RI 8.2,"RI 8.2 James ""Jim"" Bridger (Utah grade 8 practice).txt",Tier 5b,Gemini,0.7,4043,844,4887,46.24,e191898b5a74d90dee8544de47bca0fa0cf78b3d90ee10d58aa32d4bc086af91
Items 2026-01-16 11-02-34,25056, RI 8.2,"RI 8.2 James ""Jim"" Bridger (Utah grade 8 practice).txt",Tier 5b,Gemini,0.8,4900,823,5723,32.69,1cb69c19d007e160f535502719a00c24a3a51a538a2f1259ffdc29f238725969
Items 2026-01-16 11-02-34,31387, RI 8.2,"RI 8.2 James ""Jim"" Bridger (Utah grade 8 practice).txt",Tier 5b,Claude,0.7,3669,819,4488,27.40,bf656eb0051f5c4b0fe9e48052d56176e733dc1d590250202ceef9f51119575e
Items 2026-01-16 11-02-34,65866, RI 8.2,"RI 8.2 James ""Jim"" Bridger (Utah grade 8 practice).txt",Tier 5b,Claude,0.8,4502,854,5356,21.45,bad33b875a0cad064d4f1aef9f7d1735b136d8c383f9d36386f4b3e1a5e0837f
Items 2026-01-16 11-02-34,52589, RI 8.2,RI 8.2 Elephants Can Lend a Helping Trunk (NJ grade 8 practice test).txt,Tier 3a,GPT,0.7,958,808,1766,13.77,8d87c50002200941565361fe0eb4ed9d87f1a67bd76e1e98456b2bfad31bb2da
Items 2026-01-16 11-02-34,98081, RI 8.2,RI 8.2 Elephants Can Lend a Helping Trunk (NJ grade 8 practice test).txt,Tier 3a,GPT,0.8,1777,553,2330,9.36,f40266e1ae042ec27076a56812d1f991129bdd705b324dc8b82387929811d2f7
Items 2026-01-16 11-02-34,33928, RI 8.2,RI 8.2 Elephants Can Lend a Helping Trunk (NJ grade 8 practice test).txt,Tier 3a,Gemini,0.7,972,567,1539,38.51,cc8be95bf050d6746abd359facc069045d2af1f94d1a7bad2356b70ad30f9cb7
Items 2026-01-16 11-02-34,43770, RI 8.2,RI 8.2 Elephants Can Lend a Helping Trunk (NJ grade 8 practice test).txt,Tier 3a,Gemini,0.8,1552,509,2061,39.63,872d5a6d02eaeb9849f956757863fe216780e93133342f24e43761259df2c4ec
Items 2026-01-16 11-02-34,55077, RI 8.2,RI 8.2 Elephants Can Lend a Helping Trunk (NJ grade 8 practice test).txt,Tier 3a,Claude,0.7,1047,435,1482,17.43,1a33de5b957acb34330ff5099da89b6ee8f465e52e627f584686f723f8f52632
Items 2026-01-16 11-02-34,62005, RI 8.2,RI 8.2 Elephants Can Lend a Helping Trunk (NJ grade 8 practice test).txt,Tier 3a,Claude,0.8,1496,486,1982,15.58,2603c7a133c996c9226d7723ca55680e079cbbe6bcac1851f05cd1f5e0e7599f
Items 2026-01-16 11-02-34,65174, RI 8.2,"RI 8.2 James ""Jim"" Bridger (Utah grade 8 practice).txt",Tier 3a,GPT,0.7,1041,642,1683,22.47,e6f7a9e5f5b963d1be5cb9090a65d2ca76656baea2642006b71e841a14d7505e
Items 2026-01-16 11-02-34,23414, RI 8.2,"RI 8.2 James ""Jim"" Bridger (Utah grade 8 practice).txt",Tier 3a,GPT,0.8,1694,610,2304,10.93,17ec616ed66a1f888ce383f7c0cc873edac52683f58da5e6f5cdbc947e5eb566
Items 2026-01-16 11-02-34,18803, RI 8.2,"RI 8.2 James ""Jim"" Bridger (Utah grade 8 practice).txt",Tier 3a,Gemini,0.7,1074,583,1657,25.41,cfb87f7a0c08691f6224bc8b825fd38bc598f05cb6e7e7a9bb1b355a350396ce
Items 2026-01-16 11-02-34,46215, RI 8.2,"RI 8.2 James ""Jim"" Bridger (Utah grade 8 practice).txt",Tier 3a,Gemini,0.8,1670,571,2241,22.41,07081b4572cc1647a438c34d15b6af1b799ea6e06c68f36c6b24c657ca318b0f
Items 2026-01-16 11-02-34,58598, RI 8.2,"RI 8.2 James ""Jim"" Bridger (Utah grade 8 practice).txt",Tier 3a,Claude,0.7,1135,561,1696,21.62,37a63985d98454a3e523277454eab90653c44ff832d8ce9b646638e5c4d52a14
Items 2026-01-16 11-02-34,73139, RI 8.2,"RI 8.2 James ""Jim"" Bridger (Utah grade 8 practice).txt",Tier 3a,Claude,0.8,1710,576,2286,18.47,f2df386c8ac28fec2951806d39084bc59e6d4a150c5d50c8fc9bf49f81a6e0f4
Items 2026-01-16 11-02-34,13980, RI 8.2,"RI 8.2 James ""Jim"" Bridger (Utah grade 8 practice).txt",Tier 3a,Claude,0.7,1135,762,1897,23.16,fd48345ed52d578589dd5f5781a32f9508fe71cb6a6f64c3840150bfbfbbeae2
Items 2026-01-16 11-02-34,13974, RI 8.2,"RI 8.2 James ""Jim"" Bridger (Utah grade 8 practice).txt",Tier 3a,Claude,0.8,1911,796,2707,21.75,12ef8d93f94b59561b6e2e179c1b2d5f6c7408016901553307e643a152610d1e
Items 2026-01-16 11-02-34,57906, RI 8.2,RI 8.2 Elephants Can Lend a Helping Trunk (NJ grade 8 practice test).txt,Tier 6a,GPT,0.7,1165,792,1957,15.07,2f3b9da3c813269275fc0c7590debe3686817cea860831ccfbf3fe51eb1f6be4
Items 2026-01-16 11-02-34,84868, RI 8.2,RI 8.2 Elephants Can Lend a Helping Trunk (NJ grade 8 practice test).txt,Tier 6a,GPT,0.8,1968,618,2586,11.02,070bfb4bdee0bbd05c422768c8f5d2045d4e9892d65adfe5ca2fc14a695c9a9c
Items 2026-01-16 11-02-34,83499, RI 8.2,RI 8.2 Elephants Can Lend a Helping Trunk (NJ grade 8 practice test).txt,Tier 6a,Gemini,0.7,1180,548,1728,25.67,c0512a6fff804bfa829f2f5f36db0c3122a0eb9deed538ee2205df774371be62
Items 2026-01-16 11-02-34,26057, RI 8.2,RI 8.2 Elephants Can Lend a Helping Trunk (NJ grade 8 practice test).txt,Tier 6a,Gemini,0.8,1741,573,2314,25.87,c51f6ad5a2267f5171c3ea41117178e1ecfa956be566575fdea7ee1ef49f4cf0
Items 2026-01-16 11-02-34,93535, RI 8.2,RI 8.2 Elephants Can Lend a Helping Trunk (NJ grade 8 practice test).txt,Tier 6a,Claude,0.7,1265,460,1725,17.29,0e762dcc80e472d24be351fa26ed579a5b0f6056c873119f2c42de50d6dcd318
Items 2026-01-16 11-02-34,81970, RI 8.2,RI 8.2 Elephants Can Lend a Helping Trunk (NJ grade 8 practice test).txt,Tier 6a,Claude,0.8,1739,498,2237,17.68,053e2a9d52355cc5d60494ab591e20a4adbfb8ffbbf7c2bd5e32c880651f9204
Items 2026-01-16 11-02-34,34162, RI 8.2,"RI 8.2 James ""Jim"" Bridger (Utah grade 8 practice).txt",Tier 6a,GPT,0.7,1248,639,1887,10.77,d29408160dd270a517bb3c46ea9adeaae0e333b8765c81a58e4777d551a8043d
Items 2026-01-16 11-02-34,74972, RI 8.2,"RI 8.2 James ""Jim"" Bridger (Utah grade 8 practice).txt",Tier 6a,GPT,0.8,1898,619,2517,26.15,1116cc209a00947433fd4bbc9c9c460a55cf741e44ada5329876217cc709c317
Items 2026-01-16 11-02-34,88924, RI 8.2,"RI 8.2 James ""Jim"" Bridger (Utah grade 8 practice).txt",Tier 6a,Gemini,0.7,1282,614,1896,26.50,25907915ef0d5176054249809a4ed01e2fa4c9331d444dbdb9797fac211642b4
Items 2026-01-16 11-02-34,70210, RI 8.2,"RI 8.2 James ""Jim"" Bridger (Utah grade 8 practice).txt",Tier 6a,Gemini,0.8,1909,562,2471,36.13,93b499c4d90eb58a08c1a37328d2d08f2c22e2a7186447d2f341353ac5445b30
Items 2026-01-16 11-02-34,75299, RI 8.2,"RI 8.2 James ""Jim"" Bridger (Utah grade 8 practice).txt",Tier 6a,Claude,0.7,1353,596,1949,21.55,e2b0785d1cbe5243b52aea307ed738eef4154f1e99d673fdc781861b3f59c1a9
Items 2026-01-16 11-02-34,56867, RI 8.2,"RI 8.2 James ""Jim"" Bridger (Utah grade 8 practice).txt",Tier 6a,Claude,0.8,1963,651,2614,22.41,072bd5f328198b21d4582d4027fd5293418e388d857f5a24f28cc3d26517c2ae
Items 2026-01-16 11-02-34,98696, RI 8.2,RI 8.2 Elephants Can Lend a Helping Trunk (NJ grade 8 practice test).txt,Tier 2a,GPT,0.7,868,486,1354,10.51,d1a8dd88b5b5c18655ab0f59e6ba492fcb978095cdbf6b213d477e3e6003fc68
Items 2026-01-16 11-02-34,42952, RI 8.2,RI 8.2 Elephants Can Lend a Helping Trunk (NJ grade 8 practice test).txt,Tier 2a,GPT,0.8,1365,577,1942,11.67,b0676dbd5625c498a5d1e293fab0b6472a622eee980d6f53ee61adbeac73567e
Items 2026-01-16 11-02-34,12109, RI 8.2,RI 8.2 Elephants Can Lend a Helping Trunk (NJ grade 8 practice test).txt,Tier 2a,Gemini,0.7,881,495,1376,22.26,2f7988765dce3571ef40b5570d85a10afc7cf9f08a68e613610bc61b4a5b5dd1
Items 2026-01-16 11-02-34,36627, RI 8.2,RI 8.2 Elephants Can Lend a Helping Trunk (NJ grade 8 practice test).txt,Tier 2a,Gemini,0.8,1389,575,1964,24.32,6f9f38cafb4c9b21167c62adab035b9af2e44156fe417fbcb2aa312e14a8790b
Items 2026-01-16 11-02-34,77155, RI 8.2,RI 8.2 Elephants Can Lend a Helping Trunk (NJ grade 8 practice test).txt,Tier 2a,Claude,0.7,949,457,1406,15.57,4d1d2e3d94138dd8b4a893864fb7ae126f5e7833e3e00d4cdef405bdeb6d467f
Items 2026-01-16 11-02-34,28420, RI 8.2,RI 8.2 Elephants Can Lend a Helping Trunk (NJ grade 8 practice test).txt,Tier 2a,Claude,0.8,1420,547,1967,19.55,b9b1e78204ce0a2b24afa977a3a0f6fcbb3e5e949407ae2774f37aa6eb1655e4
Items 2026-01-16 11-02-34,82507, RI 8.2,"RI 8.2 James ""Jim"" Bridger (Utah grade 8 practice).txt",Tier 2a,GPT,0.7,951,725,1676,12.08,b58caa1b28d93ee402e149ed5eba10aad1497d5b9b652e59fe2611ddb33f6d05
Items 2026-01-16 11-02-34,46349, RI 8.2,"RI 8.2 James ""Jim"" Bridger (Utah grade 8 practice).txt",Tier 2a,GPT,0.8,1687,673,2360,12.10,1eeef52d42fdd132766238c61b812baa3ba68b998bd5d22a760558121ecef26a
Items 2026-01-16 11-02-34,67027, RI 8.2,"RI 8.2 James ""Jim"" Bridger (Utah grade 8 practice).txt",Tier 2a,Gemini,0.7,983,590,1573,20.95,a569fe13411418783c06726ea742e34780134fb83635f4d57837bd84718ef9c2
Items 2026-01-16 11-02-34,33479, RI 8.2,"RI 8.2 James ""Jim"" Bridger (Utah grade 8 practice).txt",Tier 2a,Gemini,0.8,1586,548,2134,26.15,d214248dd1f9c46bd2b3021ac7dafc1ff05477ff261212667eb1b14cc51b8a53
Items 2026-01-16 11-02-34,56519, RI 8.2,"RI 8.2 James ""Jim"" Bridger (Utah grade 8 practice).txt",Tier 2a,Claude,0.7,1037,635,1672,18.05,4f5ac070fa10cc638b97b305a5b77d2974ef3cea41141d3b2a5ac1b86061829d
Items 2026-01-16 11-02-34,91925, RI 8.2,"RI 8.2 James ""Jim"" Bridger (Utah grade 8 practice).txt",Tier 2a,Claude,0.8,1686,879,2565,23.29,6ff3766f1e8309b6aaf5e71ffb632d6d57e2a0c0826e191368711e7806726f0b
Items 2026-01-16 11-02-34,74493, RI 8.2,"RI 8.2 James ""Jim"" Bridger (Utah grade 8 practice).txt",Tier 2a,Claude,0.7,1037,595,1632,17.69,ff11b4a02af4ef7789596879a639c433a57aa045afbe5a401b51498c6d8bdeec
Items 2026-01-16 11-02-34,48746, RI 8.2,"RI 8.2 James ""Jim"" Bridger (Utah grade 8 practice).txt",Tier 2a,Claude,0.8,1646,721,2367,19.27,017da3600f6378b139c8abc795ba46f3d514c6298a9fe13e638f558e510cf08b
Items 2026-01-16 11-02-34,65789, RI 8.2,RI 8.2 Elephants Can Lend a Helping Trunk (NJ grade 8 practice test).txt,Tier 4b,GPT,0.7,3187,618,3805,10.56,32bc279eedd0c328c95aed00b95240f7c0bf586f62f8bf9d463c8fed48c59df9
Items 2026-01-16 11-02-34,35081, RI 8.2,RI 8.2 Elephants Can Lend a Helping Trunk (NJ grade 8 practice test).txt,Tier 4b,GPT,0.8,3816,600,4416,14.55,de7a89f5a660b7fe35ac3af3a0570e32bb370fc55fb6d004ca973a42632a0898
Items 2026-01-16 11-02-34,24803, RI 8.2,RI 8.2 Elephants Can Lend a Helping Trunk (NJ grade 8 practice test).txt,Tier 4b,Gemini,0.7,3852,770,4622,44.06,3240ea0cf957f9bbdb75da3f4b2ddb9286b31c107ca4105b27dbab7afa4c59a8
Items 2026-01-16 11-02-34,35454, RI 8.2,RI 8.2 Elephants Can Lend a Helping Trunk (NJ grade 8 practice test).txt,Tier 4b,Gemini,0.8,4635,760,5395,37.65,40e3b4f947e1bc96549da1cf3efcd724de987f2c277ddda4914c925598e68c4f
Items 2026-01-16 11-02-34,34543, RI 8.2,RI 8.2 Elephants Can Lend a Helping Trunk (NJ grade 8 practice test).txt,Tier 4b,Claude,0.7,3489,940,4429,31.87,a7c21a25a411e7e372ad80685aee0d7fe06a376f49f101aef630f331341a4f54
Items 2026-01-16 11-02-34,39110, RI 8.2,RI 8.2 Elephants Can Lend a Helping Trunk (NJ grade 8 practice test).txt,Tier 4b,Claude,0.8,4443,889,5332,26.18,64c71074e57230b450925848104e0091bb532adfc754a0f091084f97b228c7b5
Items 2026-01-16 11-02-34,45351, RI 8.2,"RI 8.2 James ""Jim"" Bridger (Utah grade 8 practice).txt",Tier 4b,GPT,0.7,3270,940,4210,14.34,b9ae2dab912db904d1c6509142c529956a525030237872887a3d7bd84da4dcfa
Items 2026-01-16 11-02-34,75111, RI 8.2,"RI 8.2 James ""Jim"" Bridger (Utah grade 8 practice).txt",Tier 4b,GPT,0.8,4221,815,5036,14.34,6c80b6a335a8a66653914978ce029d9f55ac48b983774b8f361e38fe7cea8c59
Items 2026-01-16 11-02-34,86927, RI 8.2,"RI 8.2 James ""Jim"" Bridger (Utah grade 8 practice).txt",Tier 4b,Gemini,0.7,3954,752,4706,38.88,6dc3957794e0108e30aae792c3fc4321dbbb1c4e4f63b220e7918d11b492aeed
Items 2026-01-16 11-02-34,15882, RI 8.2,"RI 8.2 James ""Jim"" Bridger (Utah grade 8 practice).txt",Tier 4b,Gemini,0.8,4719,718,5437,37.43,daf5343c9a9d9ffcb660a92ac27d688d09f5535894779e271b104be849ac0fe4
Items 2026-01-16 11-02-34,61552, RI 8.2,"RI 8.2 James ""Jim"" Bridger (Utah grade 8 practice).txt",Tier 4b,Claude,0.7,3577,904,4481,29.13,0ef499f3f3bde1a4fe04c37060343248b8b5639c0679c0aa6b4ca02ded6675d4
Items 2026-01-16 11-02-34,97029, RI 8.2,"RI 8.2 James ""Jim"" Bridger (Utah grade 8 practice).txt",Tier 4b,Claude,0.8,4495,883,5378,25.90,e60c4d1abad38907480508c9ee5c85d08257bf8372488945740e20e2b6d68ded
